"model","index","z"
"Hawkes_correct",1,0.871812276200255
"Hawkes_correct",2,0.391809084412041
"Hawkes_correct",3,1.03796134266711
"Hawkes_correct",4,0.549779651654085
"Hawkes_correct",5,0.203591060011356
"Hawkes_correct",6,0.326003729926844
"Hawkes_correct",7,2.34776932467654
"Hawkes_correct",8,0.00185697361016413
"Hawkes_correct",9,1.85415417629773
"Hawkes_correct",10,0.420739193461788
"Hawkes_correct",11,1.16779906232445
"Hawkes_correct",12,0.249731786075632
"Hawkes_correct",13,0.830506137409136
"Hawkes_correct",14,0.969445176258795
"Hawkes_correct",15,0.143460288765409
"Hawkes_correct",16,1.12737044135619
"Hawkes_correct",17,2.20666795914612
"Hawkes_correct",18,1.08700549146434
"Hawkes_correct",19,0.655130880023897
"Hawkes_correct",20,0.872979327941767
"Hawkes_correct",21,0.809844509648183
"Hawkes_correct",22,0.690321175144852
"Hawkes_correct",23,0.905010309032392
"Hawkes_correct",24,7.45497723607323
"Hawkes_correct",25,0.134414379025351
"Hawkes_correct",26,2.13066121475774
"Hawkes_correct",27,0.0138169224391298
"Hawkes_correct",28,0.972745555819735
"Hawkes_correct",29,2.65487032681571
"Hawkes_correct",30,0.0758735699123747
"Hawkes_correct",31,0.255365583323048
"Hawkes_correct",32,1.08497386332787
"Hawkes_correct",33,0.374557046537284
"Hawkes_correct",34,1.19974294283223
"Hawkes_correct",35,0.505902761806475
"Hawkes_correct",36,0.143212389538839
"Hawkes_correct",37,0.158769795940707
"Hawkes_correct",38,0.699496549332132
"Hawkes_correct",39,0.218313512915785
"Hawkes_correct",40,0.395945500582947
"Hawkes_correct",41,0.335407135933877
"Hawkes_correct",42,0.941827406481551
"Hawkes_correct",43,3.68589106473298
"Hawkes_correct",44,0.0409722695904904
"Hawkes_correct",45,0.114580082641538
"Hawkes_correct",46,1.44213776147112
"Hawkes_correct",47,0.816367817198312
"Hawkes_correct",48,0.0603946414777639
"Hawkes_correct",49,1.37313626452821
"Hawkes_correct",50,0.96453225564106
"Hawkes_correct",51,0.0754609154851451
"Hawkes_correct",52,2.58399164768614
"Hawkes_correct",53,0.902025718892808
"Hawkes_correct",54,0.323204560423726
"Hawkes_correct",55,3.19695122652903
"Hawkes_correct",56,0.00582502499953108
"Hawkes_correct",57,0.0821183109441108
"Hawkes_correct",58,1.08918060562367
"Hawkes_correct",59,3.56015039332808
"Hawkes_correct",60,0.342337225888812
"Hawkes_correct",61,1.23032436543484
"Hawkes_correct",62,2.67609042587274
"Hawkes_correct",63,0.32416595304953
"Hawkes_correct",64,0.0667482480670714
"Hawkes_correct",65,0.351350457013766
"Hawkes_correct",66,0.741058804160289
"Hawkes_correct",67,1.52638336577517
"Hawkes_correct",68,1.55005384251655
"Hawkes_correct",69,0.185713227334489
"Hawkes_correct",70,0.722657727059556
"Hawkes_correct",71,0.280386858998938
"Hawkes_correct",72,2.16451374676565
"Hawkes_correct",73,1.48157886955606
"Hawkes_correct",74,0.147560907209524
"Hawkes_correct",75,0.0567577817647731
"Hawkes_correct",76,2.63093221690416
"Hawkes_correct",77,0.811747887214537
"Hawkes_correct",78,0.802746455470526
"Hawkes_correct",79,0.202879247189742
"Hawkes_correct",80,0.415662902156782
"Hawkes_correct",81,1.79064524742883
"Hawkes_correct",82,4.89582564437885
"Hawkes_correct",83,0.192758405466904
"Hawkes_correct",84,3.07072679238875
"Hawkes_correct",85,0.680795914275265
"Hawkes_correct",86,0.153459437856839
"Hawkes_correct",87,0.282101842182072
"Hawkes_correct",88,0.45966967578498
"Hawkes_correct",89,0.804275676955129
"Hawkes_correct",90,0.624280637665947
"Hawkes_correct",91,1.06410127724389
"Hawkes_correct",92,3.00814834608038
"Hawkes_correct",93,0.664902496278387
"Hawkes_correct",94,0.921991498116228
"Hawkes_correct",95,1.25407711223683
"Hawkes_correct",96,0.0986918851648255
"Hawkes_correct",97,0.586788748309857
"Hawkes_correct",98,0.0203888694175447
"Hawkes_correct",99,0.0119726170535017
"Hawkes_correct",100,0.923224139784992
"Hawkes_correct",101,0.794618163611588
"Hawkes_correct",102,0.398109791981014
"Hawkes_correct",103,1.22830280626908
"Hawkes_correct",104,0.057455416401254
"Hawkes_correct",105,0.816523759302754
"Hawkes_correct",106,0.508549654673132
"Hawkes_correct",107,0.582404585191796
"Hawkes_correct",108,2.00752184027331
"Hawkes_correct",109,2.47777696605158
"Hawkes_correct",110,0.664170551965611
"Hawkes_correct",111,0.329226408471612
"Hawkes_correct",112,0.133170997272771
"Hawkes_correct",113,0.322933263863902
"Hawkes_correct",114,0.0868581272562636
"Hawkes_correct",115,0.603415022969614
"Hawkes_correct",116,0.381637773551503
"Hawkes_correct",117,0.151673979623212
"Hawkes_correct",118,1.18628842467939
"Hawkes_correct",119,1.92103511117206
"Hawkes_correct",120,4.1224299402225
"Hawkes_correct",121,0.991785223777981
"Hawkes_correct",122,0.143878981027541
"Hawkes_correct",123,0.930262170247545
"Hawkes_correct",124,0.0127065947207399
"Hawkes_correct",125,1.47357649937875
"Hawkes_correct",126,0.349150751033093
"Hawkes_correct",127,0.547702191082792
"Hawkes_correct",128,0.295941322498877
"Hawkes_correct",129,3.31297219232658
"Hawkes_correct",130,1.13419877419896
"Hawkes_correct",131,1.37766166486523
"Hawkes_correct",132,1.42868706930608
"Hawkes_correct",133,3.98960891164438
"Hawkes_correct",134,0.234976135779277
"Hawkes_correct",135,0.701862779917377
"Hawkes_correct",136,1.47673914234164
"Hawkes_correct",137,0.250719530197046
"Hawkes_correct",138,0.212118203535255
"Hawkes_correct",139,0.288139391208858
"Hawkes_correct",140,0.119285934080352
"Hawkes_correct",141,0.0714224583593364
"Hawkes_correct",142,1.58724802096506
"Hawkes_correct",143,4.27380341291243
"Hawkes_correct",144,1.09175937082608
"Hawkes_correct",145,0.0408332933245106
"Hawkes_correct",146,0.74515779125602
"Hawkes_correct",147,0.830192819437826
"Hawkes_correct",148,0.522048848302205
"Hawkes_correct",149,0.337675152209471
"Hawkes_correct",150,0.390265969480481
"Hawkes_correct",151,2.13855597255142
"Hawkes_correct",152,3.13106084020004
"Hawkes_correct",153,5.33836510915145
"Hawkes_correct",154,1.38135786022656
"Hawkes_correct",155,5.1263193134142
"Hawkes_correct",156,0.137292835034884
"Hawkes_correct",157,0.203009696616817
"Hawkes_correct",158,0.038158305153047
"Hawkes_correct",159,2.76224076247627
"Hawkes_correct",160,0.283112684930472
"Hawkes_correct",161,0.208433976952904
"Hawkes_correct",162,0.62771769808586
"Hawkes_correct",163,0.59270834801427
"Hawkes_correct",164,3.14104518570869
"Hawkes_correct",165,0.562449383999365
"Hawkes_correct",166,1.27715161448882
"Hawkes_correct",167,0.845176946068676
"Hawkes_correct",168,1.17963064032526
"Hawkes_correct",169,1.02670237048471
"Hawkes_correct",170,0.353045890487266
"Hawkes_correct",171,0.610548618936605
"Hawkes_correct",172,4.56983848884565
"Hawkes_correct",173,0.402239994978714
"Hawkes_correct",174,0.204278057015813
"Hawkes_correct",175,1.75178167774763
"Hawkes_correct",176,0.0967607963325179
"Hawkes_correct",177,1.14050057189786
"Hawkes_correct",178,0.38434853146407
"Hawkes_correct",179,0.775588080246791
"Hawkes_correct",180,0.977884240395468
"Hawkes_correct",181,1.17788481992014
"Hawkes_correct",182,0.560464179569806
"Hawkes_correct",183,0.449552338550603
"Hawkes_correct",184,0.726354578176228
"Hawkes_correct",185,0.907660867577505
"Hawkes_correct",186,0.496768792943101
"Hawkes_correct",187,1.79987932283248
"Hawkes_correct",188,2.84613410986884
"Hawkes_correct",189,0.143222638377068
"Hawkes_correct",190,4.06205991253674
"Hawkes_correct",191,0.654491676801229
"Hawkes_correct",192,1.1678759089354
"Hawkes_correct",193,0.301549503481453
"Hawkes_correct",194,0.289961144237395
"Hawkes_correct",195,0.509917911333417
"Hawkes_correct",196,1.55092387574052
"Hawkes_correct",197,0.318539986176489
"Hawkes_correct",198,1.08907664990983
"Hawkes_correct",199,5.44026396734208
"Hawkes_correct",200,0.385826584438121
"Hawkes_correct",201,0.432004649389881
"Hawkes_correct",202,0.633798019689266
"Hawkes_correct",203,0.166602145563019
"Hawkes_correct",204,0.424309060884866
"Hawkes_correct",205,1.08361188307731
"Hawkes_correct",206,0.145411306146343
"Hawkes_correct",207,1.12034856430992
"Hawkes_correct",208,1.53737872905413
"Hawkes_correct",209,0.656467977349223
"Hawkes_correct",210,1.66965629645497
"Hawkes_correct",211,0.616076935473274
"Hawkes_correct",212,4.22038301453287
"Hawkes_correct",213,0.787052661311265
"Hawkes_correct",214,0.13048610432088
"Hawkes_correct",215,0.0637829696196093
"Hawkes_correct",216,0.439721764959302
"Hawkes_correct",217,0.304960835482206
"Hawkes_correct",218,0.0190596112104231
"Hawkes_correct",219,0.987169222025955
"Hawkes_correct",220,0.620270600789837
"Hawkes_correct",221,0.151586247742074
"Hawkes_correct",222,3.8686083582806
"Hawkes_correct",223,0.583609005499852
"Hawkes_correct",224,0.449125804977143
"Hawkes_correct",225,4.06556751510394
"Hawkes_correct",226,1.08811894984183
"Hawkes_correct",227,0.517631733045931
"Hawkes_correct",228,0.0226123296083642
"Hawkes_correct",229,1.82943357497783
"Hawkes_correct",230,0.56766032736067
"Hawkes_correct",231,0.294109337777769
"Hawkes_correct",232,4.20623245037075
"Hawkes_correct",233,0.213527613500759
"Hawkes_correct",234,0.758954887111997
"Hawkes_correct",235,0.196615832508314
"Hawkes_correct",236,0.641399527115254
"Hawkes_correct",237,3.54397437892203
"Hawkes_correct",238,0.169901202060714
"Hawkes_correct",239,1.9001531922994
"Hawkes_correct",240,0.659660487826272
"Hawkes_correct",241,3.01233542365105
"Hawkes_correct",242,0.356016939100869
"Hawkes_correct",243,0.947104777282846
"Hawkes_correct",244,0.225601775077621
"Hawkes_correct",245,2.04793950448664
"Hawkes_correct",246,0.783459927507636
"Hawkes_correct",247,3.60652526900077
"Hawkes_correct",248,0.27919709368615
"Hawkes_correct",249,0.577156639841689
"Hawkes_correct",250,1.65634766869476
"Hawkes_correct",251,0.550557831246181
"Hawkes_correct",252,0.852504885862857
"Hawkes_correct",253,0.780940099768145
"Hawkes_correct",254,0.917271497457932
"Hawkes_correct",255,0.128472517244006
"Hawkes_correct",256,0.331052673037846
"Hawkes_correct",257,0.615938076684358
"Hawkes_correct",258,1.10494852880538
"Hawkes_correct",259,1.08548335780353
"Hawkes_correct",260,0.354594214270719
"Hawkes_correct",261,0.613481732707442
"Hawkes_correct",262,0.386419532814557
"Hawkes_correct",263,0.297220409638044
"Hawkes_correct",264,0.308961339328789
"Hawkes_correct",265,1.32374689510414
"Hawkes_correct",266,0.132071171826624
"Hawkes_correct",267,2.53360769801816
"Hawkes_correct",268,0.463429989946121
"Hawkes_correct",269,1.98016997371349
"Hawkes_correct",270,1.02165897049554
"Hawkes_correct",271,0.357863320883894
"Hawkes_correct",272,2.02114923065261
"Hawkes_correct",273,1.48563132835875
"Hawkes_correct",274,0.208341460169322
"Hawkes_correct",275,0.41657616090805
"Hawkes_correct",276,1.4382497351084
"Hawkes_correct",277,0.0813113054878158
"Hawkes_correct",278,0.79226386470998
"Hawkes_correct",279,1.53624874575968
"Hawkes_correct",280,1.03977639575635
"Hawkes_correct",281,3.81781702441924
"Hawkes_correct",282,0.930982630741596
"Hawkes_correct",283,0.762242154244291
"Hawkes_correct",284,0.371555255899352
"Hawkes_correct",285,1.67232456009128
"Hawkes_correct",286,1.37766756708521
"Hawkes_correct",287,1.44547547214211
"Hawkes_correct",288,1.29374790926295
"Hawkes_correct",289,0.373052770876427
"Hawkes_correct",290,1.38182618618782
"Hawkes_correct",291,0.0829857917645427
"Hawkes_correct",292,0.199391629056947
"Hawkes_correct",293,0.399260640087164
"Hawkes_correct",294,0.202750200480864
"Hawkes_correct",295,0.0628721493992543
"Hawkes_correct",296,3.15401837832485
"Hawkes_correct",297,0.156677181777127
"Hawkes_correct",298,0.53615314334985
"Hawkes_correct",299,2.19853346249363
"Hawkes_correct",300,1.23371049458518
"Hawkes_correct",301,0.22069301741152
"Hawkes_correct",302,0.412947328223538
"Hawkes_correct",303,0.814844568822082
"Hawkes_correct",304,0.39523040704097
"Hawkes_correct",305,2.45672132535901
"Hawkes_correct",306,4.21383900988968
"Hawkes_correct",307,1.27329419842516
"Hawkes_correct",308,1.33030920701896
"Hawkes_correct",309,1.63827424186184
"Hawkes_correct",310,0.328156953951293
"Hawkes_correct",311,0.114187793644192
"Hawkes_correct",312,1.30814797775952
"Hawkes_correct",313,2.14224011365343
"Hawkes_correct",314,1.53176927798614
"Hawkes_correct",315,1.61898323266325
"Hawkes_correct",316,1.48330028442416
"Hawkes_correct",317,0.0494345561927503
"Hawkes_correct",318,0.926908671180968
"Hawkes_correct",319,2.37958847243766
"Hawkes_correct",320,0.537520033247347
"Hawkes_correct",321,0.801032663838953
"Hawkes_correct",322,0.155868468006474
"Hawkes_correct",323,0.312697574237632
"Hawkes_correct",324,2.35716233280073
"Hawkes_correct",325,1.1769032981698
"Hawkes_correct",326,0.13423425751904
"Hawkes_correct",327,4.01329651758005
"Hawkes_correct",328,0.0850531893045741
"Hawkes_correct",329,2.82021378092719
"Hawkes_correct",330,0.660086184076647
"Hawkes_correct",331,4.54380247774731
"Hawkes_correct",332,0.0452899540395606
"Hawkes_correct",333,0.892767949656729
"Hawkes_correct",334,0.425004022117776
"Hawkes_correct",335,0.82625612389262
"Hawkes_correct",336,0.0927759036463272
"Hawkes_correct",337,0.756930958946896
"Hawkes_correct",338,0.530734560735027
"Hawkes_correct",339,0.551387101386069
"Hawkes_correct",340,0.316420839712066
"Hawkes_correct",341,1.15719864777708
"Hawkes_correct",342,0.308180574250855
"Hawkes_correct",343,0.0599832000034439
"Hawkes_correct",344,1.59303121386853
"Hawkes_correct",345,2.21506945434754
"Hawkes_correct",346,0.25385995557707
"Hawkes_correct",347,1.61867345025888
"Hawkes_correct",348,1.51908067835996
"Hawkes_correct",349,2.73583969604346
"Hawkes_correct",350,0.495949757270637
"Hawkes_correct",351,0.139501502505311
"Hawkes_correct",352,0.263838186549322
"Hawkes_correct",353,0.685180777627522
"Hawkes_correct",354,4.33617689304253
"Hawkes_correct",355,0.950521825241367
"Hawkes_correct",356,0.778448488680226
"Hawkes_correct",357,0.719543315540136
"Hawkes_correct",358,0.15141903045145
"Hawkes_correct",359,0.381360026588595
"Hawkes_correct",360,0.0729519043824212
"Hawkes_correct",361,1.14500608603589
"Hawkes_correct",362,0.676944191363475
"Hawkes_correct",363,0.300107114135528
"Hawkes_correct",364,0.487429094368736
"Hawkes_correct",365,0.0197043670337962
"Hawkes_correct",366,0.0106224419063778
"Hawkes_correct",367,2.73464594328385
"Hawkes_correct",368,0.501001838490708
"Hawkes_correct",369,3.77500430556302
"Hawkes_correct",370,2.41106564611789
"Hawkes_correct",371,0.198857957649238
"Hawkes_correct",372,0.220605986586634
"Hawkes_correct",373,3.94434343962456
"Hawkes_correct",374,0.555109839725333
"Hawkes_correct",375,1.15954834792581
"Hawkes_correct",376,1.90499993504261
"Hawkes_correct",377,1.0563576057088
"Hawkes_correct",378,0.444673583539213
"Hawkes_correct",379,0.374102096636591
"Hawkes_correct",380,0.580684839730225
"Hawkes_correct",381,1.66982771122503
"Hawkes_correct",382,2.30522897113821
"Hawkes_correct",383,0.678137183366118
"Hawkes_correct",384,0.496281342573013
"Hawkes_correct",385,0.679372626163399
"Hawkes_correct",386,0.534850586227662
"Hawkes_correct",387,1.0555151864682
"Hawkes_correct",388,0.256501148904988
"Hawkes_correct",389,1.30738576851184
"Hawkes_correct",390,0.61429265076913
"Hawkes_correct",391,1.00242639481706
"Hawkes_correct",392,0.841577625329364
"Hawkes_correct",393,2.10934599172072
"Hawkes_correct",394,0.506858421430309
"Hawkes_correct",395,0.335366760417173
"Hawkes_correct",396,0.885875430381816
"Hawkes_correct",397,0.123148132605934
"Hawkes_correct",398,0.627569282180389
"Hawkes_correct",399,1.03164534050427
"Hawkes_correct",400,1.42527058868552
"Hawkes_correct",401,0.877501619689269
"Hawkes_correct",402,0.111390037317847
"Hawkes_correct",403,0.174045685120859
"Hawkes_correct",404,1.34708293018861
"Hawkes_correct",405,0.778558753572497
"Hawkes_correct",406,2.05248354962828
"Hawkes_correct",407,3.22973022830729
"Hawkes_correct",408,1.46554107479682
"Hawkes_correct",409,0.883207367962484
"Hawkes_correct",410,1.74629587814417
"Hawkes_correct",411,0.0627041322245532
"Hawkes_correct",412,1.05952417267991
"Hawkes_correct",413,1.35177288563415
"Hawkes_correct",414,2.08299667158451
"Hawkes_correct",415,1.02649371224794
"Hawkes_correct",416,2.44506139264342
"Hawkes_correct",417,1.41811996805603
"Hawkes_correct",418,2.36052822098969
"Hawkes_correct",419,1.11024080053483
"Hawkes_correct",420,0.0288971544631522
"Hawkes_correct",421,3.98798888758364
"Hawkes_correct",422,0.178512126776695
"Hawkes_correct",423,0.104830918168375
"Hawkes_correct",424,0.501265309785083
"Hawkes_correct",425,0.313658355873542
"Hawkes_correct",426,2.57712862686259
"Hawkes_correct",427,2.20590282366635
"Hawkes_correct",428,0.522938545372256
"Hawkes_correct",429,1.98399604458859
"Hawkes_correct",430,0.956739744231015
"Hawkes_correct",431,0.0667180236616218
"Hawkes_correct",432,1.88940396510918
"Hawkes_correct",433,0.441046145724385
"Hawkes_correct",434,0.219477455388983
"Hawkes_correct",435,1.20263119276166
"Hawkes_correct",436,0.307072905612017
"Hawkes_correct",437,0.0795159833570551
"Hawkes_correct",438,0.138092712973673
"Hawkes_correct",439,0.342351286416488
"Hawkes_correct",440,0.160154870033864
"Hawkes_correct",441,4.10603479655714
"Hawkes_correct",442,0.789279309502263
"Hawkes_correct",443,0.836338261183357
"Hawkes_correct",444,0.37104538079376
"Hawkes_correct",445,0.0798736167938046
"Hawkes_correct",446,0.267389452972054
"Hawkes_correct",447,1.59686806377925
"Hawkes_correct",448,0.339451367988829
"Hawkes_correct",449,0.959603438863269
"Hawkes_correct",450,1.12000805600894
"Hawkes_correct",451,3.38750018782758
"Hawkes_correct",452,0.72440320454649
"Hawkes_correct",453,0.154357900832736
"Hawkes_correct",454,1.68056035842977
"Hawkes_correct",455,0.465684466319885
"Hawkes_correct",456,0.561563523024404
"Hawkes_correct",457,0.968833007435308
"Hawkes_correct",458,0.630821222274449
"Hawkes_correct",459,0.401594599954592
"Hawkes_correct",460,0.766060038173919
"Hawkes_correct",461,0.129911235233294
"Hawkes_correct",462,1.09442162272273
"Hawkes_correct",463,0.9968602673963
"Hawkes_correct",464,0.933477873967036
"Hawkes_correct",465,0.283424798623514
"Hawkes_correct",466,1.11568100403258
"Hawkes_correct",467,0.767971351997971
"Hawkes_correct",468,2.1010340618958
"Hawkes_correct",469,0.692657584089602
"Hawkes_correct",470,0.957219149714433
"Hawkes_correct",471,0.309811221736766
"Hawkes_correct",472,0.13806387789225
"Hawkes_correct",473,3.00344123492897
"Hawkes_correct",474,0.622765778531232
"Hawkes_correct",475,1.53749245714806
"Hawkes_correct",476,0.60111538452361
"Hawkes_correct",477,0.427137541681077
"Hawkes_correct",478,3.92435240011531
"Hawkes_correct",479,0.521500297852754
"Hawkes_correct",480,0.463129534179018
"Hawkes_correct",481,1.00565765807619
"Hawkes_correct",482,0.0321359112838309
"Hawkes_correct",483,0.0467299461993775
"Hawkes_correct",484,2.31847464060723
"Hawkes_correct",485,1.81139460109898
"Hawkes_correct",486,0.786916353387255
"Hawkes_correct",487,0.675853290996315
"Hawkes_correct",488,0.556330620097015
"Hawkes_correct",489,0.174465637906223
"Hawkes_correct",490,0.797034222331604
"Hawkes_correct",491,0.163888764099852
"Hawkes_correct",492,0.562540728762087
"Hawkes_correct",493,0.315044515880231
"Hawkes_correct",494,1.46748226757381
"Hawkes_correct",495,1.07691913628264
"Hawkes_correct",496,1.50273033906456
"Hawkes_correct",497,0.226563272210228
"Hawkes_correct",498,0.337053286192713
"Hawkes_correct",499,1.04109188202904
"Hawkes_correct",500,1.14496406025137
"Hawkes_correct",501,0.209522611420653
"Hawkes_correct",502,0.0833020023122799
"Hawkes_correct",503,1.32149910420515
"Hawkes_correct",504,0.568344364845188
"Hawkes_correct",505,0.693778186775262
"Hawkes_correct",506,2.321421245583
"Hawkes_correct",507,0.168477915517883
"Hawkes_correct",508,0.0603163849898465
"Hawkes_correct",509,1.20757292179621
"Hawkes_correct",510,0.445862703118678
"Hawkes_correct",511,1.97137412962115
"Hawkes_correct",512,0.643241868301743
"Hawkes_correct",513,1.62647163733322
"Hawkes_correct",514,1.3657338469925
"Hawkes_correct",515,0.268524189915865
"Hawkes_correct",516,0.344405533381746
"Hawkes_correct",517,2.12979794130342
"Hawkes_correct",518,3.00352220552998
"Hawkes_correct",519,1.13444062723272
"Hawkes_correct",520,0.0940247081973666
"Hawkes_correct",521,0.808851245646338
"Hawkes_correct",522,0.757675162208443
"Hawkes_correct",523,0.571088497583787
"Hawkes_correct",524,1.53900865974492
"Hawkes_correct",525,0.190532075558281
"Hawkes_correct",526,0.849323420387236
"Hawkes_correct",527,0.0801179273921662
"Hawkes_correct",528,0.00582120977526301
"Hawkes_correct",529,1.00987431139333
"Hawkes_correct",530,5.75433017339606
"Hawkes_correct",531,0.440115067062948
"Hawkes_correct",532,0.9649814907267
"Hawkes_correct",533,0.333100721298479
"Hawkes_correct",534,1.27336383191823
"Hawkes_correct",535,1.23388089336243
"Hawkes_correct",536,0.564828741909082
"Hawkes_correct",537,1.07551402314857
"Hawkes_correct",538,2.37121320870801
"Hawkes_correct",539,0.482657302625171
"Hawkes_correct",540,0.235516947721521
"Hawkes_correct",541,0.406318566718596
"Hawkes_correct",542,0.935121893516339
"Hawkes_correct",543,0.176823508253733
"Hawkes_correct",544,1.32292846941516
"Hawkes_correct",545,0.104741099286343
"Hawkes_correct",546,2.0419686629026
"Hawkes_correct",547,0.625436703365494
"Hawkes_correct",548,1.12255148486565
"Hawkes_correct",549,1.02361936472585
"Hawkes_correct",550,0.692356076425199
"Hawkes_correct",551,1.2962090750533
"Hawkes_correct",552,0.182776857790714
"Hawkes_correct",553,1.35552331451368
"Hawkes_correct",554,0.846912534955095
"Hawkes_correct",555,0.541130449585808
"Hawkes_correct",556,0.822882738520775
"Hawkes_correct",557,0.78797515048575
"Hawkes_correct",558,1.0447995626439
"Hawkes_correct",559,4.4967699863671
"Hawkes_correct",560,2.43132146820494
"Hawkes_correct",561,0.303938372884772
"Hawkes_correct",562,3.75096114466726
"Hawkes_correct",563,3.13817633219094
"Hawkes_correct",564,0.549684336586665
"Hawkes_correct",565,2.99350857391175
"Hawkes_correct",566,0.0365523872146696
"Hawkes_correct",567,0.855101643489775
"Hawkes_correct",568,0.747989087992664
"Hawkes_correct",569,0.503724018628191
"Hawkes_correct",570,0.236145844306975
"Hawkes_correct",571,0.0860308900266773
"Hawkes_correct",572,0.5745251683569
"Hawkes_correct",573,0.149676552358869
"Hawkes_correct",574,2.64760782228643
"Hawkes_correct",575,0.783213205800621
"Hawkes_correct",576,1.17450882526089
"Hawkes_correct",577,0.536714999949254
"Hawkes_correct",578,1.29919956548952
"Hawkes_correct",579,0.281383985264711
"Hawkes_correct",580,0.477601297057731
"Hawkes_correct",581,0.162944289902725
"Hawkes_correct",582,0.175737031162839
"Hawkes_correct",583,3.61948673547261
"Hawkes_correct",584,0.750087893772502
"Hawkes_correct",585,1.28724013715521
"Hawkes_correct",586,0.679099278023727
"Hawkes_correct",587,0.389965375961424
"Hawkes_correct",588,3.25489806030146
"Hawkes_correct",589,1.89138016009201
"Hawkes_correct",590,0.863833529797148
"Hawkes_correct",591,0.0621649065756174
"Hawkes_correct",592,0.421624810283902
"Hawkes_correct",593,0.0832866088273931
"Hawkes_correct",594,0.215974228314508
"Hawkes_correct",595,0.427334109604317
"Hawkes_correct",596,1.18984971195619
"Hawkes_correct",597,0.220183297099766
"Hawkes_correct",598,0.572385716905728
"Hawkes_correct",599,0.00873559197054874
"Hawkes_correct",600,0.225796947100321
"Hawkes_correct",601,0.689217522940453
"Hawkes_correct",602,0.443188067793358
"Hawkes_correct",603,0.0423757082396605
"Hawkes_correct",604,0.52052315648632
"Hawkes_correct",605,0.197918284127013
"Hawkes_correct",606,1.21211976623215
"Hawkes_correct",607,1.0354479025749
"Hawkes_correct",608,0.0348614958371627
"Hawkes_correct",609,0.42459465724005
"Hawkes_correct",610,0.883184960408585
"Hawkes_correct",611,0.418994381291213
"Hawkes_correct",612,0.0632518854260979
"Hawkes_correct",613,0.598624457289247
"Hawkes_correct",614,1.81365200963933
"Hawkes_correct",615,0.854766054797324
"Hawkes_correct",616,0.458328849499367
"Hawkes_correct",617,0.170212316647735
"Hawkes_correct",618,0.686626084390355
"Hawkes_correct",619,0.700804252441799
"Hawkes_correct",620,1.1482069209876
"Hawkes_correct",621,0.417048941174698
"Hawkes_correct",622,0.819260693175124
"Hawkes_correct",623,0.687980589922063
"Hawkes_correct",624,0.0768085873097561
"Hawkes_correct",625,1.3675279631351
"Hawkes_correct",626,0.8473584187293
"Hawkes_correct",627,0.224370152713959
"Hawkes_correct",628,0.0111910388276328
"Hawkes_correct",629,1.41377096877022
"Hawkes_correct",630,1.34672061700041
"Hawkes_correct",631,0.579668610786712
"Hawkes_correct",632,1.46096950722972
"Hawkes_correct",633,0.511125574643756
"Hawkes_correct",634,0.539779136995207
"Hawkes_correct",635,0.176659261982195
"Hawkes_correct",636,0.22590414775118
"Hawkes_correct",637,2.24675806318396
"Hawkes_correct",638,0.844192761117824
"Hawkes_correct",639,0.352214241342608
"Hawkes_correct",640,0.887604274381601
"Hawkes_correct",641,0.722740098583699
"Hawkes_correct",642,1.12715763050983
"Hawkes_correct",643,0.81775060979146
"Hawkes_correct",644,0.803755051661255
"Hawkes_correct",645,1.24296880240661
"Hawkes_correct",646,0.0593780357327205
"Hawkes_correct",647,0.550515218326382
"Hawkes_correct",648,0.137842546544334
"Hawkes_correct",649,0.84815854602607
"Hawkes_correct",650,1.47453743192489
"Hawkes_correct",651,1.02281195066041
"Hawkes_correct",652,0.642052883888368
"Hawkes_correct",653,0.582393635797757
"Hawkes_correct",654,7.39841303380456
"Hawkes_correct",655,0.686772678658031
"Hawkes_correct",656,0.238781780626255
"Hawkes_correct",657,0.0842223115323577
"Hawkes_correct",658,2.27156489047309
"Hawkes_correct",659,0.728965599314506
"Hawkes_correct",660,0.837225524682481
"Hawkes_correct",661,0.626021607444954
"Hawkes_correct",662,0.15555172002837
"Hawkes_correct",663,0.134408268595621
"Hawkes_correct",664,0.303848686743777
"Hawkes_correct",665,0.411375462155661
"Hawkes_correct",666,4.62673981238231
"Hawkes_correct",667,0.0733146651288052
"Hawkes_correct",668,0.379992869399871
"Hawkes_correct",669,4.58826621193498
"Hawkes_correct",670,0.456201333225408
"Hawkes_correct",671,1.32289365098541
"Hawkes_correct",672,0.341755233493814
"Hawkes_correct",673,0.0532961322586516
"Hawkes_correct",674,0.727738936883384
"Hawkes_correct",675,0.865735410445268
"Hawkes_correct",676,1.17587940251644
"Hawkes_correct",677,0.504076012058022
"Hawkes_correct",678,1.11920062462946
"Hawkes_correct",679,0.851379791564682
"Hawkes_correct",680,0.565030005966946
"Hawkes_correct",681,0.376148392243067
"Hawkes_correct",682,3.28636090084728
"Hawkes_correct",683,0.951766791611021
"Hawkes_correct",684,1.17993804814523
"Hawkes_correct",685,0.336204465864171
"Hawkes_correct",686,0.785836846395796
"Hawkes_correct",687,0.456161576299223
"Hawkes_correct",688,1.47782953536944
"Hawkes_correct",689,0.708478051597353
"Hawkes_correct",690,0.443026629411406
"Hawkes_correct",691,0.158526728478591
"Hawkes_correct",692,1.05495171565929
"Hawkes_correct",693,0.0807751463721615
"Hawkes_correct",694,1.24609057177724
"Hawkes_correct",695,1.91719169614703
"Hawkes_correct",696,0.516832095806308
"Hawkes_correct",697,0.28744614042273
"Hawkes_correct",698,0.502877581029907
"Hawkes_correct",699,1.7230003804018
"Hawkes_correct",700,0.846493123665937
"Hawkes_correct",701,0.0150127210595201
"Hawkes_correct",702,0.459123990218586
"Hawkes_correct",703,2.13448539405101
"Hawkes_correct",704,0.788463365053985
"Hawkes_correct",705,0.0753182198817512
"Hawkes_correct",706,0.0402841562751064
"Hawkes_correct",707,0.161285652083848
"Hawkes_correct",708,0.441035477168043
"Hawkes_correct",709,2.29818555652332
"Hawkes_correct",710,0.723996137803056
"Hawkes_correct",711,1.55254098908676
"Hawkes_correct",712,0.242056330581249
"Hawkes_correct",713,3.12410647047932
"Hawkes_correct",714,0.503893303373047
"Hawkes_correct",715,0.275815863175922
"Hawkes_correct",716,4.33365135487588
"Hawkes_correct",717,2.20071342737651
"Hawkes_correct",718,3.25442352235223
"Hawkes_correct",719,1.53644059973499
"Hawkes_correct",720,0.759424497275177
"Hawkes_correct",721,1.13614697275057
"Hawkes_correct",722,0.770463918838459
"Hawkes_correct",723,0.206102166863843
"Hawkes_correct",724,0.244306747528299
"Hawkes_correct",725,1.68430534314382
"Hawkes_correct",726,0.517163995348938
"Hawkes_correct",727,0.740497835657152
"Hawkes_correct",728,2.01995371016164
"Hawkes_correct",729,1.6986492412982
"Hawkes_correct",730,0.0104642279493419
"Hawkes_correct",731,2.56423742305356
"Hawkes_correct",732,0.0444350994557681
"Hawkes_correct",733,0.0509227427703536
"Hawkes_correct",734,0.663538918689483
"Hawkes_correct",735,0.737868415077173
"Hawkes_correct",736,0.677723323241707
"Hawkes_correct",737,3.14607905984155
"Hawkes_correct",738,1.30766677995609
"Hawkes_correct",739,0.154482868344644
"Hawkes_correct",740,1.50865375302817
"Hawkes_correct",741,1.7661484678631
"Hawkes_correct",742,1.7003495654252
"Hawkes_correct",743,0.421324486371645
"Hawkes_correct",744,5.18123416806986
"Hawkes_correct",745,0.632877364132128
"Hawkes_correct",746,0.695632843349131
"Hawkes_correct",747,0.337504271221746
"Hawkes_correct",748,0.830131972373351
"Hawkes_correct",749,0.942471949621563
"Hawkes_correct",750,0.393161071182703
"Hawkes_correct",751,0.803529908705514
"Hawkes_correct",752,1.37621209650956
"Hawkes_correct",753,0.0524502802277311
"Hawkes_correct",754,0.304932539571269
"Hawkes_correct",755,0.297752054866237
"Hawkes_correct",756,1.28495825335858
"Hawkes_correct",757,0.529402622916564
"Hawkes_correct",758,0.742685232807048
"Hawkes_correct",759,0.798003879974203
"Hawkes_correct",760,0.622211666914836
"Hawkes_correct",761,2.64325229038047
"Hawkes_correct",762,0.206545632848588
"Hawkes_correct",763,0.926314357242745
"Hawkes_correct",764,0.164467160335221
"Hawkes_correct",765,1.27942076386
"Hawkes_correct",766,0.648201114265021
"Hawkes_correct",767,0.851736493222234
"Hawkes_correct",768,2.36257620341041
"Hawkes_correct",769,1.85581982557846
"Hawkes_correct",770,0.752810459031821
"Hawkes_correct",771,0.036763218164424
"Hawkes_correct",772,1.65452337919146
"Hawkes_correct",773,0.00752843464692887
"Hawkes_correct",774,1.25503520376708
"Hawkes_correct",775,0.190079362329925
"Hawkes_correct",776,0.221643983191257
"Hawkes_correct",777,2.06456012501883
"Hawkes_correct",778,0.507222415271372
"Hawkes_correct",779,0.263422030459424
"Hawkes_correct",780,0.45134257188738
"Hawkes_correct",781,0.0146859970192281
"Hawkes_correct",782,0.0318970833184267
"Hawkes_correct",783,0.56137620395964
"Hawkes_correct",784,0.733384711219401
"Hawkes_correct",785,0.0729221253031938
"Hawkes_correct",786,0.23580722574502
"Hawkes_correct",787,0.447078878275079
"Hawkes_correct",788,0.087300409819818
"Hawkes_correct",789,1.72505314344039
"Hawkes_correct",790,4.18078430012292
"Hawkes_correct",791,0.667281152818077
"Hawkes_correct",792,1.59589040917513
"Hawkes_correct",793,4.37788250557401
"Hawkes_correct",794,0.0671930447927025
"Hawkes_correct",795,0.188964926634981
"Hawkes_correct",796,2.02667279020625
"Hawkes_correct",797,0.535768695388242
"Hawkes_correct",798,1.63283700866145
"Hawkes_correct",799,0.289848343898029
"Hawkes_correct",800,0.423087135517108
"Hawkes_correct",801,0.224632942042831
"Hawkes_correct",802,0.219292377840588
"Hawkes_correct",803,2.42851127472557
"Hawkes_correct",804,0.200895219059248
"Hawkes_correct",805,2.93269357463566
"Hawkes_correct",806,0.835249964310492
"Hawkes_correct",807,0.046672694390395
"Hawkes_correct",808,1.61804871251093
"Hawkes_correct",809,0.311056157000507
"Hawkes_correct",810,1.11449743265734
"Hawkes_correct",811,0.479677293299687
"Hawkes_correct",812,0.371104368498663
"Hawkes_correct",813,0.854525888898479
"Hawkes_correct",814,0.0425997871699337
"Hawkes_correct",815,0.73245412314543
"Hawkes_correct",816,0.108900354284174
"Hawkes_correct",817,0.143271026426419
"Hawkes_correct",818,4.02966760660263
"Hawkes_correct",819,0.400211848741264
"Hawkes_correct",820,0.751122498952213
"Hawkes_correct",821,0.92944093405572
"Hawkes_correct",822,2.27579813061413
"Hawkes_correct",823,1.11707170071054
"Hawkes_correct",824,0.666058456762926
"Hawkes_correct",825,0.138304896004115
"Hawkes_correct",826,1.7821854626535
"Hawkes_correct",827,0.215384366967669
"Hawkes_correct",828,0.950158390056799
"Hawkes_correct",829,0.749655874126915
"Hawkes_correct",830,0.794044066605807
"Hawkes_correct",831,1.38444959120693
"Hawkes_correct",832,0.00467101215588173
"Hawkes_correct",833,0.746973919658103
"Hawkes_correct",834,0.095339681916812
"Hawkes_correct",835,0.204617251872151
"Hawkes_correct",836,0.632982359008338
"Hawkes_correct",837,0.811436861646484
"Hawkes_correct",838,0.939332923985717
"Hawkes_correct",839,0.874505455386043
"Hawkes_correct",840,2.49348486844724
"Hawkes_correct",841,1.29445708698495
"Hawkes_correct",842,1.92767558577646
"Hawkes_correct",843,0.50127944627036
"Hawkes_correct",844,0.157294419026471
"Hawkes_correct",845,0.5138304803437
"Hawkes_correct",846,1.68035460466831
"Hawkes_correct",847,0.805975966994765
"Hawkes_correct",848,0.0717017754594735
"Hawkes_correct",849,0.642181530618018
"Hawkes_correct",850,0.155222174093637
"Hawkes_correct",851,0.419331767645986
"Hawkes_correct",852,0.131621316435712
"Hawkes_correct",853,1.0385622881962
"Hawkes_correct",854,0.0293823627521306
"Hawkes_correct",855,0.630919880185957
"Hawkes_correct",856,0.941585980169407
"Hawkes_correct",857,1.00226758605447
"Hawkes_correct",858,1.36154234420951
"Hawkes_correct",859,0.221418876318921
"Hawkes_correct",860,2.62523078773211
"Hawkes_correct",861,1.50385116165307
"Hawkes_correct",862,0.303896222655908
"Hawkes_correct",863,1.1096800136188
"Hawkes_correct",864,0.265734463197873
"Hawkes_correct",865,0.423012658903644
"Hawkes_correct",866,3.03126249735601
"Hawkes_correct",867,0.699908780795795
"Hawkes_correct",868,0.163033133565705
"Hawkes_correct",869,0.127103429612816
"Hawkes_correct",870,0.442472278697551
"Hawkes_correct",871,0.838543878923247
"Hawkes_correct",872,1.60069808837352
"Hawkes_correct",873,0.665055761337612
"Hawkes_correct",874,0.0670818168609912
"Hawkes_correct",875,4.02311175987143
"Hawkes_correct",876,0.0667976320581829
"Hawkes_correct",877,0.479063128145413
"Hawkes_correct",878,0.134143527064793
"Hawkes_correct",879,1.21699174338073
"Hawkes_correct",880,0.79531193366438
"Hawkes_correct",881,0.43958543975134
"Hawkes_correct",882,0.184450363543647
"Hawkes_correct",883,0.0374623077392471
"Hawkes_correct",884,0.82004714476011
"Hawkes_correct",885,4.46513894991301
"Hawkes_correct",886,1.85888402294574
"Hawkes_correct",887,3.93436446989131
"Hawkes_correct",888,1.6471392369665
"Hawkes_correct",889,0.32296464870069
"Hawkes_correct",890,0.600738141029751
"Hawkes_correct",891,0.962165672597166
"Hawkes_correct",892,0.631883987761853
"Hawkes_correct",893,1.65269630747366
"Hawkes_correct",894,0.37875535390765
"Hawkes_correct",895,0.390838454332766
"Hawkes_correct",896,0.134334359832451
"Hawkes_correct",897,0.443831535686058
"Hawkes_correct",898,0.162863424077841
"Hawkes_correct",899,0.520927772246637
"Hawkes_correct",900,1.38439755130878
"Hawkes_correct",901,1.30967367294602
"Hawkes_correct",902,2.76809244502465
"Hawkes_correct",903,0.309891777001667
"Hawkes_correct",904,0.17144480753052
"Hawkes_correct",905,0.109446268620218
"Hawkes_correct",906,1.77001210323624
"Hawkes_correct",907,0.434011501524992
"Hawkes_correct",908,1.20560472730051
"Hawkes_correct",909,2.10640930905163
"Hawkes_correct",910,1.69856544106892
"Hawkes_correct",911,3.26197350891312
"Hawkes_correct",912,1.85115937904743
"Hawkes_correct",913,0.792699168976924
"Hawkes_correct",914,1.14037710637342
"Hawkes_correct",915,0.174959109932956
"Hawkes_correct",916,0.997778904293455
"Hawkes_correct",917,1.99851608251856
"Hawkes_correct",918,0.0421759683606524
"Hawkes_correct",919,0.237823413331853
"Hawkes_correct",920,0.856190359322454
"Hawkes_correct",921,1.090230898865
"Hawkes_correct",922,0.814878894641197
"Hawkes_correct",923,0.919575527540928
"Hawkes_correct",924,1.72685318214189
"Hawkes_correct",925,0.915116610637483
"Hawkes_correct",926,1.80124253262386
"Hawkes_correct",927,0.387772640753155
"Hawkes_correct",928,0.646087125804684
"Hawkes_correct",929,0.143649894547821
"Hawkes_correct",930,0.38497914593006
"Hawkes_correct",931,1.65052796323835
"Hawkes_correct",932,0.19871790533773
"Hawkes_correct",933,0.266354723401946
"Hawkes_correct",934,2.45997171730937
"Hawkes_correct",935,0.972318767531533
"Hawkes_correct",936,0.820116878155659
"Hawkes_correct",937,0.801835756713672
"Hawkes_correct",938,1.14451447277952
"Hawkes_correct",939,0.982261487237793
"Hawkes_correct",940,0.498216328968738
"Hawkes_correct",941,0.391534647660364
"Hawkes_correct",942,0.773953337600574
"Hawkes_correct",943,1.102631305415
"Hawkes_correct",944,0.650841841923466
"Hawkes_correct",945,0.242529404800734
"Hawkes_correct",946,0.239990097188183
"Hawkes_correct",947,0.181305418034299
"Hawkes_correct",948,1.58358007648769
"Hawkes_correct",949,0.930686791122866
"Hawkes_correct",950,0.0449952165193963
"Hawkes_correct",951,0.629135641790867
"Hawkes_correct",952,0.0184905034357143
"Hawkes_correct",953,0.0926724492276207
"Hawkes_correct",954,0.847914383729062
"Hawkes_correct",955,0.285056274851399
"Hawkes_correct",956,0.773133825717196
"Hawkes_correct",957,0.0860251519785606
"Hawkes_correct",958,0.265193689190596
"Hawkes_correct",959,1.53001447507745
"Hawkes_correct",960,0.604943386430932
"Hawkes_correct",961,0.250120878464031
"Hawkes_correct",962,0.729492601207312
"Hawkes_correct",963,0.436763805417627
"Hawkes_correct",964,2.07291356778501
"Hawkes_correct",965,1.6293954575134
"Hawkes_correct",966,0.125344023406797
"Hawkes_correct",967,0.693706910155356
"Hawkes_correct",968,1.05303332652193
"Hawkes_correct",969,0.31234719686779
"Hawkes_correct",970,0.0341256525891822
"Hawkes_correct",971,0.00201854949546032
"Hawkes_correct",972,1.84770830313141
"Hawkes_correct",973,0.190242315772934
"Hawkes_correct",974,0.133249157358478
"Hawkes_correct",975,3.3211901529761
"Hawkes_correct",976,0.397158002244282
"Hawkes_correct",977,2.0476183700913
"Hawkes_correct",978,0.457757631725826
"Hawkes_correct",979,0.218616683891469
"Hawkes_correct",980,0.356424717094797
"Hawkes_correct",981,1.19325224103909
"Hawkes_correct",982,0.343315898060837
"Hawkes_correct",983,3.2053277903758
"Hawkes_correct",984,2.19474974316677
"Hawkes_correct",985,1.65590627262623
"Hawkes_correct",986,0.109709812253186
"Hawkes_correct",987,1.12609113286317
"Hawkes_correct",988,2.1760905607041
"Hawkes_correct",989,0.582885352388075
"Hawkes_correct",990,2.85585170443824
"Hawkes_correct",991,0.457600911777263
"Hawkes_correct",992,0.861142666112983
"Hawkes_correct",993,0.0758534636379409
"Hawkes_correct",994,1.5311791233878
"Hawkes_correct",995,1.58410054889646
"Hawkes_correct",996,0.0216093851520327
"Hawkes_correct",997,0.320099185909498
"Hawkes_correct",998,0.52597689193135
"Hawkes_correct",999,0.164638527252578
"Hawkes_correct",1000,1.03938448864301
"Hawkes_correct",1001,0.558368022418335
"Hawkes_correct",1002,3.25472230580795
"Hawkes_correct",1003,4.79590177948683
"Hawkes_correct",1004,0.105905977966813
"Hawkes_correct",1005,1.47957491496743
"Hawkes_correct",1006,0.864174679858252
"Hawkes_correct",1007,1.055133261435
"Hawkes_correct",1008,3.32852817996923
"Hawkes_correct",1009,0.532770506225233
"Hawkes_correct",1010,0.00240568610774972
"Hawkes_correct",1011,0.266081940123058
"Hawkes_correct",1012,2.07446303594259
"Hawkes_correct",1013,0.139093607469363
"Hawkes_correct",1014,0.0563359834666244
"Hawkes_correct",1015,0.480233708680998
"Hawkes_correct",1016,0.872210754480875
"Hawkes_correct",1017,0.435053865463942
"Hawkes_correct",1018,0.998442186703414
"Hawkes_correct",1019,0.398952374536066
"Hawkes_correct",1020,2.730990033426
"Hawkes_correct",1021,0.955235288391464
"Hawkes_correct",1022,2.100099077138
"Hawkes_correct",1023,0.22709861389967
"Hawkes_correct",1024,2.28099927455014
"Hawkes_correct",1025,1.17872659438763
"Hawkes_correct",1026,0.265775241402935
"Hawkes_correct",1027,0.273651278214174
"Hawkes_correct",1028,0.753455754476363
"Hawkes_correct",1029,0.81155255394242
"Hawkes_correct",1030,0.367554300900338
"Hawkes_correct",1031,0.923016006154512
"Hawkes_correct",1032,0.0164177000842756
"Hawkes_correct",1033,2.92088484051305
"Hawkes_correct",1034,0.925843878425212
"Hawkes_correct",1035,0.344825401363778
"Hawkes_correct",1036,0.667756756033441
"Hawkes_correct",1037,0.792264125485644
"Hawkes_correct",1038,2.10886597215335
"Hawkes_correct",1039,0.173718353687264
"Hawkes_correct",1040,0.197994513436242
"Hawkes_correct",1041,0.0233892443100103
"Hawkes_correct",1042,0.0095413380311129
"Hawkes_correct",1043,0.0978764837168455
"Hawkes_correct",1044,0.489221059172451
"Hawkes_correct",1045,1.10806191408665
"Hawkes_correct",1046,1.95039848835131
"Hawkes_correct",1047,0.46058314653601
"Hawkes_correct",1048,1.36274628139472
"Hawkes_correct",1049,1.82321456856698
"Hawkes_correct",1050,0.0644358456065675
"Hawkes_correct",1051,0.128768722778204
"Hawkes_correct",1052,0.713334370746907
"Hawkes_correct",1053,2.6793704132192
"Hawkes_correct",1054,0.873869680130383
"Hawkes_correct",1055,0.33260625280559
"Hawkes_correct",1056,0.3761161347079
"Hawkes_correct",1057,0.319206434636726
"Hawkes_correct",1058,0.623080941776834
"Hawkes_correct",1059,1.15885629420268
"Hawkes_correct",1060,0.100901834469369
"Hawkes_correct",1061,0.640059701171594
"Hawkes_correct",1062,0.25730823851768
"Hawkes_correct",1063,1.00030166429519
"Hawkes_correct",1064,0.848329514143188
"Hawkes_correct",1065,0.895472364238458
"Hawkes_correct",1066,0.510412095327638
"Hawkes_correct",1067,0.0153023405987369
"Hawkes_correct",1068,0.346349837730031
"Hawkes_correct",1069,0.629147001855699
"Hawkes_correct",1070,0.5514238487699
"Hawkes_correct",1071,0.188373594610994
"Hawkes_correct",1072,4.56186201620812
"Hawkes_correct",1073,0.406630513523396
"Hawkes_correct",1074,1.12211873827414
"Hawkes_correct",1075,0.382899398762902
"Hawkes_correct",1076,0.517801088680699
"Hawkes_correct",1077,1.55065518112997
"Hawkes_correct",1078,2.36109590927845
"Hawkes_correct",1079,2.19644800943706
"Hawkes_correct",1080,1.62914062580512
"Hawkes_correct",1081,1.22623432894602
"Hawkes_correct",1082,2.38842527676752
"Hawkes_correct",1083,0.921622144556068
"Hawkes_correct",1084,0.76094787606803
"Hawkes_correct",1085,0.361296000944094
"Hawkes_correct",1086,0.234676809980556
"Hawkes_correct",1087,0.375763564037925
"Hawkes_correct",1088,0.428383561999453
"Hawkes_correct",1089,2.73865978646108
"Hawkes_correct",1090,0.34013985976685
"Hawkes_correct",1091,2.07754245049614
"Hawkes_correct",1092,0.301824293510435
"Hawkes_correct",1093,2.10115524103117
"Hawkes_correct",1094,1.26590505724585
"Hawkes_correct",1095,1.03831890460151
"Hawkes_correct",1096,2.19305294006585
"Hawkes_correct",1097,0.280757247249994
"Hawkes_correct",1098,0.498102391395605
"Hawkes_correct",1099,0.422393306459298
"Hawkes_correct",1100,1.38597377791052
"Hawkes_correct",1101,0.30404753300536
"Hawkes_correct",1102,0.60825956199642
"Hawkes_correct",1103,1.81393537976487
"Hawkes_correct",1104,1.83621126328353
"Hawkes_correct",1105,0.508738643118022
"Hawkes_correct",1106,1.13741405769269
"Hawkes_correct",1107,0.172750887044685
"Hawkes_correct",1108,0.999452920933663
"Hawkes_correct",1109,0.280812718789093
"Hawkes_correct",1110,0.434498604837245
"Hawkes_correct",1111,1.74881910856811
"Hawkes_correct",1112,0.550362523800686
"Hawkes_correct",1113,2.97601753688673
"Hawkes_correct",1114,1.48428599559429
"Hawkes_correct",1115,0.0885126061980372
"Hawkes_correct",1116,0.326799211316029
"Hawkes_correct",1117,0.121470184154759
"Hawkes_correct",1118,4.11211639591829
"Hawkes_correct",1119,1.92117258090684
"Hawkes_correct",1120,0.370931012505707
"Hawkes_correct",1121,0.436498721181579
"Hawkes_correct",1122,1.6649988371596
"Hawkes_correct",1123,1.63246591693928
"Hawkes_correct",1124,0.441950070120811
"Hawkes_correct",1125,0.700879307993318
"Poisson_wrong",1,1.21421673605714
"Poisson_wrong",2,0.399566649347949
"Poisson_wrong",3,1.00464319127051
"Poisson_wrong",4,0.503417102415205
"Poisson_wrong",5,0.160502112370915
"Poisson_wrong",6,0.225262628137348
"Poisson_wrong",7,2.20296728064712
"Poisson_wrong",8,0.00165752835542676
"Poisson_wrong",9,1.81437049946319
"Poisson_wrong",10,0.40028549655821
"Poisson_wrong",11,1.11375398170744
"Poisson_wrong",12,0.217023494921689
"Poisson_wrong",13,0.688991474959469
"Poisson_wrong",14,0.860918679592968
"Poisson_wrong",15,0.115015487566104
"Poisson_wrong",16,0.922085451276272
"Poisson_wrong",17,2.38912446910981
"Poisson_wrong",18,1.18601507329666
"Poisson_wrong",19,0.646443998422104
"Poisson_wrong",20,0.826619419305359
"Poisson_wrong",21,0.75690855994732
"Poisson_wrong",22,0.623328391845796
"Poisson_wrong",23,0.822866555067414
"Poisson_wrong",24,9.71768611246922
"Poisson_wrong",25,0.131458068079208
"Poisson_wrong",26,2.28838583048564
"Poisson_wrong",27,0.0127210466754768
"Poisson_wrong",28,0.83775991748853
"Poisson_wrong",29,3.0129070326144
"Poisson_wrong",30,0.0722674698656931
"Poisson_wrong",31,0.197087285863425
"Poisson_wrong",32,0.869566683912154
"Poisson_wrong",33,0.298718363091247
"Poisson_wrong",34,1.02402457553891
"Poisson_wrong",35,0.435987034384318
"Poisson_wrong",36,0.106380979152043
"Poisson_wrong",37,0.100172740220543
"Poisson_wrong",38,0.43223553653646
"Poisson_wrong",39,0.13112116370543
"Poisson_wrong",40,0.222504248134342
"Poisson_wrong",41,0.181051742612162
"Poisson_wrong",42,0.549707256497236
"Poisson_wrong",43,3.90380241855129
"Poisson_wrong",44,0.0390280218419434
"Poisson_wrong",45,0.0855551071882843
"Poisson_wrong",46,1.18549014485168
"Poisson_wrong",47,0.747836085419543
"Poisson_wrong",48,0.0477305581134004
"Poisson_wrong",49,1.15209855550736
"Poisson_wrong",50,0.91061451508213
"Poisson_wrong",51,0.0618629886972712
"Poisson_wrong",52,2.67044147841757
"Poisson_wrong",53,0.962347955237142
"Poisson_wrong",54,0.294721543120112
"Poisson_wrong",55,3.6905303957885
"Poisson_wrong",56,0.00552613736892482
"Poisson_wrong",57,0.0604444273485996
"Poisson_wrong",58,0.820264523702363
"Poisson_wrong",59,4.13643676268109
"Poisson_wrong",60,0.344714028418807
"Poisson_wrong",61,1.21390985146376
"Poisson_wrong",62,3.1871334019605
"Poisson_wrong",63,0.323840522826458
"Poisson_wrong",64,0.0528721832490078
"Poisson_wrong",65,0.239813821360585
"Poisson_wrong",66,0.509605993728201
"Poisson_wrong",67,1.31297649693542
"Poisson_wrong",68,1.63320787786452
"Poisson_wrong",69,0.171053901408484
"Poisson_wrong",70,0.606303387949737
"Poisson_wrong",71,0.216238891589327
"Poisson_wrong",72,2.09990715224029
"Poisson_wrong",73,1.65370137750622
"Poisson_wrong",74,0.137196251394556
"Poisson_wrong",75,0.0417214994991895
"Poisson_wrong",76,2.57820287740184
"Poisson_wrong",77,0.848378810633221
"Poisson_wrong",78,0.782922296255279
"Poisson_wrong",79,0.170996699416321
"Poisson_wrong",80,0.307956908974106
"Poisson_wrong",81,1.62645060003308
"Poisson_wrong",82,6.2724514149967
"Poisson_wrong",83,0.190318952910175
"Poisson_wrong",84,3.57981624942703
"Poisson_wrong",85,0.719178694141277
"Poisson_wrong",86,0.132556000145712
"Poisson_wrong",87,0.205667430039824
"Poisson_wrong",88,0.310812723963025
"Poisson_wrong",89,0.56597443057484
"Poisson_wrong",90,0.460122984250191
"Poisson_wrong",91,0.865735034955449
"Poisson_wrong",92,3.45589003863823
"Poisson_wrong",93,0.699711329910201
"Poisson_wrong",94,0.909938936944243
"Poisson_wrong",95,1.28735008811203
"Poisson_wrong",96,0.0869267059424459
"Poisson_wrong",97,0.458518171244009
"Poisson_wrong",98,0.0139135373040489
"Poisson_wrong",99,0.00671275015368167
"Poisson_wrong",100,0.525244922198965
"Poisson_wrong",101,0.519261555888065
"Poisson_wrong",102,0.263653618484796
"Poisson_wrong",103,0.920252675836764
"Poisson_wrong",104,0.0417999462129046
"Poisson_wrong",105,0.572921867638144
"Poisson_wrong",106,0.365743507116321
"Poisson_wrong",107,0.414065032604256
"Poisson_wrong",108,1.87816798030262
"Poisson_wrong",109,2.95822439812609
"Poisson_wrong",110,0.697541283220431
"Poisson_wrong",111,0.292663290371067
"Poisson_wrong",112,0.0985796029423511
"Poisson_wrong",113,0.209795775763965
"Poisson_wrong",114,0.0498774889950369
"Poisson_wrong",115,0.332558842258649
"Poisson_wrong",116,0.211436100969436
"Poisson_wrong",117,0.077843108254882
"Poisson_wrong",118,0.673971943150818
"Poisson_wrong",119,1.64132859979496
"Poisson_wrong",120,5.17047394975194
"Poisson_wrong",121,1.09700450244452
"Poisson_wrong",122,0.129850036269701
"Poisson_wrong",123,0.796844133604893
"Poisson_wrong",124,0.00965727355047363
"Poisson_wrong",125,1.21629662201626
"Poisson_wrong",126,0.29449540587872
"Poisson_wrong",127,0.425902959073241
"Poisson_wrong",128,0.211703234613893
"Poisson_wrong",129,3.52241896764882
"Poisson_wrong",130,1.26295273489033
"Poisson_wrong",131,1.51491924342443
"Poisson_wrong",132,1.58838740104406
"Poisson_wrong",133,5.08997013522099
"Poisson_wrong",134,0.233471188693159
"Poisson_wrong",135,0.620835302742279
"Poisson_wrong",136,1.46060806964786
"Poisson_wrong",137,0.227021187540572
"Poisson_wrong",138,0.16001719486411
"Poisson_wrong",139,0.19107272999392
"Poisson_wrong",140,0.0697200234411355
"Poisson_wrong",141,0.0362014316573038
"Poisson_wrong",142,0.958326390691212
"Poisson_wrong",143,4.95223937682917
"Poisson_wrong",144,1.22022378352017
"Poisson_wrong",145,0.0365308317969379
"Poisson_wrong",146,0.603348364654124
"Poisson_wrong",147,0.699711990731174
"Poisson_wrong",148,0.429657010938456
"Poisson_wrong",149,0.253093849037725
"Poisson_wrong",150,0.268192111139626
"Poisson_wrong",151,1.95215458677507
"Poisson_wrong",152,3.85578606291
"Poisson_wrong",153,7.03654140212183
"Poisson_wrong",154,1.59247887638628
"Poisson_wrong",155,6.6854874229185
"Poisson_wrong",156,0.134319650411129
"Poisson_wrong",157,0.159326665495826
"Poisson_wrong",158,0.0247678254377774
"Poisson_wrong",159,2.5539384881852
"Poisson_wrong",160,0.269677000068839
"Poisson_wrong",161,0.163581985220816
"Poisson_wrong",162,0.460543661422719
"Poisson_wrong",163,0.436590823934694
"Poisson_wrong",164,3.41318131627264
"Poisson_wrong",165,0.581153827628867
"Poisson_wrong",166,1.30810749433684
"Poisson_wrong",167,0.848243845578082
"Poisson_wrong",168,1.2002635454779
"Poisson_wrong",169,1.05018643999543
"Poisson_wrong",170,0.320159976884611
"Poisson_wrong",171,0.506265139150429
"Poisson_wrong",172,5.54454284015759
"Poisson_wrong",173,0.410486831494353
"Poisson_wrong",174,0.170054074060687
"Poisson_wrong",175,1.65716855676101
"Poisson_wrong",176,0.0851416982260673
"Poisson_wrong",177,0.992918336762244
"Poisson_wrong",178,0.325247254757983
"Poisson_wrong",179,0.636005711966163
"Poisson_wrong",180,0.857971490961688
"Poisson_wrong",181,1.13665340809698
"Poisson_wrong",182,0.519380071450001
"Poisson_wrong",183,0.375588793393604
"Poisson_wrong",184,0.589660712864429
"Poisson_wrong",185,0.776072857927176
"Poisson_wrong",186,0.414332818861823
"Poisson_wrong",187,1.77292093419959
"Poisson_wrong",188,3.47316904684089
"Poisson_wrong",189,0.139337146623575
"Poisson_wrong",190,4.92550313706087
"Poisson_wrong",191,0.692759332438612
"Poisson_wrong",192,1.19835662042408
"Poisson_wrong",193,0.274113294058424
"Poisson_wrong",194,0.224349425260954
"Poisson_wrong",195,0.365571460697311
"Poisson_wrong",196,1.33733406496006
"Poisson_wrong",197,0.275543512293098
"Poisson_wrong",198,0.954959583351325
"Poisson_wrong",199,6.90884094451704
"Poisson_wrong",200,0.393037998925905
"Poisson_wrong",201,0.374809438635651
"Poisson_wrong",202,0.51735063394375
"Poisson_wrong",203,0.121714820030547
"Poisson_wrong",204,0.280044146902128
"Poisson_wrong",205,0.788641170214987
"Poisson_wrong",206,0.103533396075989
"Poisson_wrong",207,0.8354622749859
"Poisson_wrong",208,1.45996931277261
"Poisson_wrong",209,0.630728144873018
"Poisson_wrong",210,1.75573319994652
"Poisson_wrong",211,0.614098702028571
"Poisson_wrong",212,5.25282835163998
"Poisson_wrong",213,0.848712492604136
"Poisson_wrong",214,0.11443091209992
"Poisson_wrong",215,0.0448347908382232
"Poisson_wrong",216,0.277389233705662
"Poisson_wrong",217,0.181953572052151
"Poisson_wrong",218,0.0100334640757467
"Poisson_wrong",219,0.537959016900771
"Poisson_wrong",220,0.379894580037927
"Poisson_wrong",221,0.0880605809447843
"Poisson_wrong",222,3.8721604166449
"Poisson_wrong",223,0.605547063731962
"Poisson_wrong",224,0.402716863692092
"Poisson_wrong",225,4.89953322137981
"Poisson_wrong",226,1.21606732588467
"Poisson_wrong",227,0.503969244691291
"Poisson_wrong",228,0.0178345986876707
"Poisson_wrong",229,1.65591471635054
"Poisson_wrong",230,0.537313766835155
"Poisson_wrong",231,0.24176470500484
"Poisson_wrong",232,4.95185895692691
"Poisson_wrong",233,0.211153990304609
"Poisson_wrong",234,0.674858267839454
"Poisson_wrong",235,0.155663885800209
"Poisson_wrong",236,0.474273579052323
"Poisson_wrong",237,3.9837434075487
"Poisson_wrong",238,0.165972259557066
"Poisson_wrong",239,1.99325499981541
"Poisson_wrong",240,0.667955948321435
"Poisson_wrong",241,3.59857483348964
"Poisson_wrong",242,0.358626057884692
"Poisson_wrong",243,0.893762681723899
"Poisson_wrong",244,0.190093337828557
"Poisson_wrong",245,2.04138523598215
"Poisson_wrong",246,0.802302843988173
"Poisson_wrong",247,4.44642662776158
"Poisson_wrong",248,0.27899669984788
"Poisson_wrong",249,0.502891491899788
"Poisson_wrong",250,1.64894970615876
"Poisson_wrong",251,0.532917894451941
"Poisson_wrong",252,0.788083796072556
"Poisson_wrong",253,0.715464581245556
"Poisson_wrong",254,0.850665988047353
"Poisson_wrong",255,0.104821011363185
"Poisson_wrong",256,0.232508129611119
"Poisson_wrong",257,0.420868558952179
"Poisson_wrong",258,0.855383784577953
"Poisson_wrong",259,0.973831203939824
"Poisson_wrong",260,0.301825781540174
"Poisson_wrong",261,0.487026894760845
"Poisson_wrong",262,0.288637549334624
"Poisson_wrong",263,0.201322642001685
"Poisson_wrong",264,0.191226357949972
"Poisson_wrong",265,0.942934330873527
"Poisson_wrong",266,0.0953178904702554
"Poisson_wrong",267,2.44716046939709
"Poisson_wrong",268,0.456188145148133
"Poisson_wrong",269,2.149276895154
"Poisson_wrong",270,1.10002083749356
"Poisson_wrong",271,0.332461163847938
"Poisson_wrong",272,2.13308182438635
"Poisson_wrong",273,1.67862787825874
"Poisson_wrong",274,0.196611820158637
"Poisson_wrong",275,0.335534892967246
"Poisson_wrong",276,1.29800431035108
"Poisson_wrong",277,0.0680920299723198
"Poisson_wrong",278,0.620040331030339
"Poisson_wrong",279,1.44751170853658
"Poisson_wrong",280,1.0583127034696
"Poisson_wrong",281,4.76604214479039
"Poisson_wrong",282,1.02184334964704
"Poisson_wrong",283,0.760281287782846
"Poisson_wrong",284,0.326374601541033
"Poisson_wrong",285,1.64203779011689
"Poisson_wrong",286,1.49639223231492
"Poisson_wrong",287,1.6051266499295
"Poisson_wrong",288,1.42364481495019
"Poisson_wrong",289,0.356038843610349
"Poisson_wrong",290,1.35941643371166
"Poisson_wrong",291,0.0721547539081371
"Poisson_wrong",292,0.14218061780781
"Poisson_wrong",293,0.258413934488033
"Poisson_wrong",294,0.120262167086878
"Poisson_wrong",295,0.0326607737429754
"Poisson_wrong",296,2.66457571283433
"Poisson_wrong",297,0.144697920057467
"Poisson_wrong",298,0.432702868822901
"Poisson_wrong",299,2.25299823944414
"Poisson_wrong",300,1.35615565687539
"Poisson_wrong",301,0.204302854852187
"Poisson_wrong",302,0.328376934198786
"Poisson_wrong",303,0.646725325071145
"Poisson_wrong",304,0.303893534176154
"Poisson_wrong",305,2.5008311195964
"Poisson_wrong",306,5.42382226109146
"Poisson_wrong",307,1.45231340607734
"Poisson_wrong",308,1.47130472853178
"Poisson_wrong",309,1.85964077188368
"Poisson_wrong",310,0.318413860280032
"Poisson_wrong",311,0.0895548436509443
"Poisson_wrong",312,1.08624561098486
"Poisson_wrong",313,2.34577297748905
"Poisson_wrong",314,1.75289531264235
"Poisson_wrong",315,1.85693965502435
"Poisson_wrong",316,1.68386827851265
"Poisson_wrong",317,0.0454019527899732
"Poisson_wrong",318,0.79356295889437
"Poisson_wrong",319,2.62768500910937
"Poisson_wrong",320,0.547532580691268
"Poisson_wrong",321,0.754242123615768
"Poisson_wrong",322,0.127467601557214
"Poisson_wrong",323,0.220089267307856
"Poisson_wrong",324,2.23615329829096
"Poisson_wrong",325,1.2711015056488
"Poisson_wrong",326,0.121054132341726
"Poisson_wrong",327,4.76447142621333
"Poisson_wrong",328,0.082279259388713
"Poisson_wrong",329,3.19340349597553
"Poisson_wrong",330,0.691922888087674
"Poisson_wrong",331,5.75254103772983
"Poisson_wrong",332,0.0435999809688496
"Poisson_wrong",333,0.784257875848709
"Poisson_wrong",334,0.354836754604946
"Poisson_wrong",335,0.681668322145981
"Poisson_wrong",336,0.0689997758676668
"Poisson_wrong",337,0.53699200569713
"Poisson_wrong",338,0.383363183456254
"Poisson_wrong",339,0.392132672028254
"Poisson_wrong",340,0.212365985707777
"Poisson_wrong",341,0.852257467038498
"Poisson_wrong",342,0.231039988983753
"Poisson_wrong",343,0.0383497748152308
"Poisson_wrong",344,1.18432779340213
"Poisson_wrong",345,2.38980828905363
"Poisson_wrong",346,0.244778464950173
"Poisson_wrong",347,1.63888127021613
"Poisson_wrong",348,1.68586659587379
"Poisson_wrong",349,3.35654878546666
"Poisson_wrong",350,0.510539463565124
"Poisson_wrong",351,0.116386539724374
"Poisson_wrong",352,0.186237509233706
"Poisson_wrong",353,0.471871211943949
"Poisson_wrong",354,4.9905943074076
"Poisson_wrong",355,1.04513771095719
"Poisson_wrong",356,0.779830876010351
"Poisson_wrong",357,0.676018240411054
"Poisson_wrong",358,0.12247556412234
"Poisson_wrong",359,0.269766019310794
"Poisson_wrong",360,0.0451792626344059
"Poisson_wrong",361,0.754406062493842
"Poisson_wrong",362,0.503575220289463
"Poisson_wrong",363,0.211763153269033
"Poisson_wrong",364,0.323826208057199
"Poisson_wrong",365,0.0116739081111064
"Poisson_wrong",366,0.00529607444474323
"Poisson_wrong",367,2.05611572117897
"Poisson_wrong",368,0.461354664590033
"Poisson_wrong",369,4.53599618993167
"Poisson_wrong",370,2.97391613134562
"Poisson_wrong",371,0.194746404016314
"Poisson_wrong",372,0.175175037263898
"Poisson_wrong",373,4.52186677765667
"Poisson_wrong",374,0.578203935553574
"Poisson_wrong",375,1.17148884440837
"Poisson_wrong",376,2.15249948915573
"Poisson_wrong",377,1.1487321082916
"Poisson_wrong",378,0.422195334109688
"Poisson_wrong",379,0.308691173880391
"Poisson_wrong",380,0.448955419162587
"Poisson_wrong",381,1.55818595721723
"Poisson_wrong",382,2.69192642274328
"Poisson_wrong",383,0.710196707947034
"Poisson_wrong",384,0.454810927230426
"Poisson_wrong",385,0.58493797589756
"Poisson_wrong",386,0.439375481236596
"Poisson_wrong",387,0.913348894631497
"Poisson_wrong",388,0.208987305343555
"Poisson_wrong",389,1.1374681964914
"Poisson_wrong",390,0.551923650747199
"Poisson_wrong",391,0.917248449015858
"Poisson_wrong",392,0.786168238417588
"Poisson_wrong",393,2.33036864622915
"Poisson_wrong",394,0.51055706403605
"Poisson_wrong",395,0.28710189617027
"Poisson_wrong",396,0.743583174180401
"Poisson_wrong",397,0.0939324545516342
"Poisson_wrong",398,0.444286095209748
"Poisson_wrong",399,0.809743829023432
"Poisson_wrong",400,1.35563683419718
"Poisson_wrong",401,0.868191190064351
"Poisson_wrong",402,0.0936442857956195
"Poisson_wrong",403,0.120812191704545
"Poisson_wrong",404,1.03657055936424
"Poisson_wrong",405,0.67533987718349
"Poisson_wrong",406,2.18151364753339
"Poisson_wrong",407,4.05140887490381
"Poisson_wrong",408,1.69915733400046
"Poisson_wrong",409,0.933391886006802
"Poisson_wrong",410,1.94479196124132
"Poisson_wrong",411,0.0579937377910369
"Poisson_wrong",412,0.93613146009244
"Poisson_wrong",413,1.35419068507628
"Poisson_wrong",414,2.40290354159845
"Poisson_wrong",415,1.1199035326436
"Poisson_wrong",416,2.91416749611278
"Poisson_wrong",417,1.62684254516864
"Poisson_wrong",418,2.8495752327546
"Poisson_wrong",419,1.23425219747327
"Poisson_wrong",420,0.0257640629666867
"Poisson_wrong",421,4.68949015905093
"Poisson_wrong",422,0.175387474261015
"Poisson_wrong",423,0.0813173477695841
"Poisson_wrong",424,0.34925243174348
"Poisson_wrong",425,0.205397692335623
"Poisson_wrong",426,2.41479243100207
"Poisson_wrong",427,2.62628903290101
"Poisson_wrong",428,0.535803581830976
"Poisson_wrong",429,2.19578210774267
"Poisson_wrong",430,1.02544887915121
"Poisson_wrong",431,0.0583519509225425
"Poisson_wrong",432,1.84954925790811
"Poisson_wrong",433,0.421934810062794
"Poisson_wrong",434,0.176432876315175
"Poisson_wrong",435,1.01105681224533
"Poisson_wrong",436,0.252373075215758
"Poisson_wrong",437,0.0547711400863591
"Poisson_wrong",438,0.0807721823184124
"Poisson_wrong",439,0.183546228446914
"Poisson_wrong",440,0.0795031244687152
"Poisson_wrong",441,3.86632018635112
"Poisson_wrong",442,0.841020355187482
"Poisson_wrong",443,0.826129888469268
"Poisson_wrong",444,0.326361078400623
"Poisson_wrong",445,0.0583707048753013
"Poisson_wrong",446,0.168497792651749
"Poisson_wrong",447,1.21462992550022
"Poisson_wrong",448,0.275811541874646
"Poisson_wrong",449,0.788195845357052
"Poisson_wrong",450,1.03055384063322
"Poisson_wrong",451,4.10210728866025
"Poisson_wrong",452,0.772743165138138
"Poisson_wrong",453,0.134549582073589
"Poisson_wrong",454,1.60698238104584
"Poisson_wrong",455,0.438232790973188
"Poisson_wrong",456,0.479078018207986
"Poisson_wrong",457,0.848194187076444
"Poisson_wrong",458,0.551493544741788
"Poisson_wrong",459,0.32258697270828
"Poisson_wrong",460,0.605486769710581
"Poisson_wrong",461,0.0937261846492561
"Poisson_wrong",462,0.818289782309478
"Poisson_wrong",463,0.8596103269237
"Poisson_wrong",464,0.857828167261232
"Poisson_wrong",465,0.237523769707252
"Poisson_wrong",466,0.958033551623032
"Poisson_wrong",467,0.691659740698356
"Poisson_wrong",468,2.27718269127973
"Poisson_wrong",469,0.714919450345803
"Poisson_wrong",470,0.943159811841724
"Poisson_wrong",471,0.271925972255701
"Poisson_wrong",472,0.101097043878156
"Poisson_wrong",473,3.09083245313809
"Poisson_wrong",474,0.64393291712679
"Poisson_wrong",475,1.63657664354969
"Poisson_wrong",476,0.596390764581429
"Poisson_wrong",477,0.372250212523454
"Poisson_wrong",478,4.66586694378759
"Poisson_wrong",479,0.541078064133899
"Poisson_wrong",480,0.414034828965328
"Poisson_wrong",481,0.902596854554531
"Poisson_wrong",482,0.025462261989901
"Poisson_wrong",483,0.0298095052822873
"Poisson_wrong",484,1.9766905741626
"Poisson_wrong",485,2.04011748282051
"Poisson_wrong",486,0.82327141511314
"Poisson_wrong",487,0.644446947425195
"Poisson_wrong",488,0.489005825090203
"Poisson_wrong",489,0.133103404067924
"Poisson_wrong",490,0.58947382534393
"Poisson_wrong",491,0.113910582460448
"Poisson_wrong",492,0.366748474517522
"Poisson_wrong",493,0.19743483569016
"Poisson_wrong",494,1.09002707888351
"Poisson_wrong",495,0.979036889492932
"Poisson_wrong",496,1.5589770729182
"Poisson_wrong",497,0.208497324307586
"Poisson_wrong",498,0.263029556350375
"Poisson_wrong",499,0.843831940837617
"Poisson_wrong",500,1.0591987439775
"Poisson_wrong",501,0.177416267208514
"Poisson_wrong",502,0.0579045260645898
"Poisson_wrong",503,0.998004828163857
"Poisson_wrong",504,0.466277261774849
"Poisson_wrong",505,0.561306098918863
"Poisson_wrong",506,2.44925447342291
"Poisson_wrong",507,0.159801452341071
"Poisson_wrong",508,0.0451479444780034
"Poisson_wrong",509,0.941060737001408
"Poisson_wrong",510,0.359425762518072
"Poisson_wrong",511,1.9427688759539
"Poisson_wrong",512,0.64037320626278
"Poisson_wrong",513,1.72538902661211
"Poisson_wrong",514,1.50797150902997
"Poisson_wrong",515,0.25282691355153
"Poisson_wrong",516,0.275036299027647
"Poisson_wrong",517,2.11126086293473
"Poisson_wrong",518,3.7165071157084
"Poisson_wrong",519,1.27170618577554
"Poisson_wrong",520,0.0852552875563788
"Poisson_wrong",521,0.674560827005848
"Poisson_wrong",522,0.64694668821744
"Poisson_wrong",523,0.474451463520836
"Poisson_wrong",524,1.46567880550947
"Poisson_wrong",525,0.168574043517197
"Poisson_wrong",526,0.710612147057532
"Poisson_wrong",527,0.0601776239328728
"Poisson_wrong",528,0.00355691084496357
"Poisson_wrong",529,0.631278704550368
"Poisson_wrong",530,6.90758290756639
"Poisson_wrong",531,0.452070428985621
"Poisson_wrong",532,0.930452166406781
"Poisson_wrong",533,0.290487919440238
"Poisson_wrong",534,1.16248519544945
"Poisson_wrong",535,1.25354169867455
"Poisson_wrong",536,0.538226559523991
"Poisson_wrong",537,1.02540920877539
"Poisson_wrong",538,2.72913167756838
"Poisson_wrong",539,0.490466395350154
"Poisson_wrong",540,0.198347097428154
"Poisson_wrong",541,0.301695214441565
"Poisson_wrong",542,0.722071291737393
"Poisson_wrong",543,0.129590371147742
"Poisson_wrong",544,1.05716402607777
"Poisson_wrong",545,0.0812092888572806
"Poisson_wrong",546,1.91177764304996
"Poisson_wrong",547,0.613075185348862
"Poisson_wrong",548,1.10073002120168
"Poisson_wrong",549,1.02750745327535
"Poisson_wrong",550,0.660848708648928
"Poisson_wrong",551,1.29542886308684
"Poisson_wrong",552,0.162086645604177
"Poisson_wrong",553,1.24621565274356
"Poisson_wrong",554,0.817709925463987
"Poisson_wrong",555,0.485742809550402
"Poisson_wrong",556,0.722289541555369
"Poisson_wrong",557,0.699536469989539
"Poisson_wrong",558,0.974114188354292
"Poisson_wrong",559,5.64273854736507
"Poisson_wrong",560,3.00442785211726
"Poisson_wrong",561,0.302998406634174
"Poisson_wrong",562,4.55025572944589
"Poisson_wrong",563,3.97832460678876
"Poisson_wrong",564,0.57256487863333
"Poisson_wrong",565,3.58189491107157
"Poisson_wrong",566,0.0349000595913367
"Poisson_wrong",567,0.74083589812642
"Poisson_wrong",568,0.656264962776731
"Poisson_wrong",569,0.41976603960768
"Poisson_wrong",570,0.174477945312105
"Poisson_wrong",571,0.0540502204779614
"Poisson_wrong",572,0.340354398607587
"Poisson_wrong",573,0.0839010350003946
"Poisson_wrong",574,2.20411224390705
"Poisson_wrong",575,0.782204807788844
"Poisson_wrong",576,1.18619784830742
"Poisson_wrong",577,0.505585984773234
"Poisson_wrong",578,1.27265054769339
"Poisson_wrong",579,0.251912927982744
"Poisson_wrong",580,0.37868716278831
"Poisson_wrong",581,0.113921070445031
"Poisson_wrong",582,0.106285789252524
"Poisson_wrong",583,3.61830870399183
"Poisson_wrong",584,0.794684239317348
"Poisson_wrong",585,1.35126823959399
"Poisson_wrong",586,0.67037921768258
"Poisson_wrong",587,0.339042978853058
"Poisson_wrong",588,3.72932330440278
"Poisson_wrong",589,2.25983226430458
"Poisson_wrong",590,0.924941613014653
"Poisson_wrong",591,0.0539284051051254
"Poisson_wrong",592,0.313211605409265
"Poisson_wrong",593,0.0540551752135343
"Poisson_wrong",594,0.122218272924556
"Poisson_wrong",595,0.229385761324806
"Poisson_wrong",596,0.740139119140963
"Poisson_wrong",597,0.143265246557235
"Poisson_wrong",598,0.357231130065998
"Poisson_wrong",599,0.00497336166097284
"Poisson_wrong",600,0.11313342743108
"Poisson_wrong",601,0.349908818533436
"Poisson_wrong",602,0.2341193709251
"Poisson_wrong",603,0.0206468272094753
"Poisson_wrong",604,0.241723727677254
"Poisson_wrong",605,0.0895510890998139
"Poisson_wrong",606,0.617930315950503
"Poisson_wrong",607,0.675132611442564
"Poisson_wrong",608,0.0221764814941707
"Poisson_wrong",609,0.244369554615673
"Poisson_wrong",610,0.547728812052128
"Poisson_wrong",611,0.270647983804906
"Poisson_wrong",612,0.0365434541117793
"Poisson_wrong",613,0.330024985569366
"Poisson_wrong",614,1.3594544507788
"Poisson_wrong",615,0.77706912306985
"Poisson_wrong",616,0.391615097111753
"Poisson_wrong",617,0.125554974909392
"Poisson_wrong",618,0.482779562117798
"Poisson_wrong",619,0.515481087899275
"Poisson_wrong",620,0.958466736928813
"Poisson_wrong",621,0.346695577330934
"Poisson_wrong",622,0.67220754068137
"Poisson_wrong",623,0.574158599222187
"Poisson_wrong",624,0.056374099113782
"Poisson_wrong",625,1.08705191667411
"Poisson_wrong",626,0.760631096359134
"Poisson_wrong",627,0.181538033958645
"Poisson_wrong",628,0.00742067515375311
"Poisson_wrong",629,1.03491099138034
"Poisson_wrong",630,1.26477366402992
"Poisson_wrong",631,0.539369394367782
"Poisson_wrong",632,1.46266578607333
"Poisson_wrong",633,0.486791865406076
"Poisson_wrong",634,0.464422595298629
"Poisson_wrong",635,0.132562021922013
"Poisson_wrong",636,0.146450338193517
"Poisson_wrong",637,1.96355791981546
"Poisson_wrong",638,0.846787580749606
"Poisson_wrong",639,0.311499286731873
"Poisson_wrong",640,0.763624412342551
"Poisson_wrong",641,0.630696454752183
"Poisson_wrong",642,1.0484456254153
"Poisson_wrong",643,0.77556961043831
"Poisson_wrong",644,0.747248111311592
"Poisson_wrong",645,1.22818429015285
"Poisson_wrong",646,0.0509565474635565
"Poisson_wrong",647,0.41633912457587
"Poisson_wrong",648,0.0935105229450528
"Poisson_wrong",649,0.57314658568248
"Poisson_wrong",650,1.25871017806514
"Poisson_wrong",651,0.991934821972109
"Poisson_wrong",652,0.597540313752802
"Poisson_wrong",653,0.505196617173169
"Poisson_wrong",654,9.52920309822946
"Poisson_wrong",655,0.731326469275928
"Poisson_wrong",656,0.210658089544609
"Poisson_wrong",657,0.0606333026059929
"Poisson_wrong",658,2.09765824339934
"Poisson_wrong",659,0.731774155045059
"Poisson_wrong",660,0.80014627744913
"Poisson_wrong",661,0.567104251529031
"Poisson_wrong",662,0.121698232715516
"Poisson_wrong",663,0.088097549161148
"Poisson_wrong",664,0.177968918081092
"Poisson_wrong",665,0.230192555138842
"Poisson_wrong",666,4.94059022803083
"Poisson_wrong",667,0.0706939938578444
"Poisson_wrong",668,0.303375308661998
"Poisson_wrong",669,5.46586616215131
"Poisson_wrong",670,0.469331224274015
"Poisson_wrong",671,1.3502240754807
"Poisson_wrong",672,0.31554730712844
"Poisson_wrong",673,0.0399510992968999
"Poisson_wrong",674,0.51309755685827
"Poisson_wrong",675,0.664374002668183
"Poisson_wrong",676,1.03715897317068
"Poisson_wrong",677,0.441323998551979
"Poisson_wrong",678,1.01681130277484
"Poisson_wrong",679,0.802183515928732
"Poisson_wrong",680,0.502822911324415
"Poisson_wrong",681,0.301741195660384
"Poisson_wrong",682,3.66930202144124
"Poisson_wrong",683,1.04067313994199
"Poisson_wrong",684,1.24963324540636
"Poisson_wrong",685,0.312057623772944
"Poisson_wrong",686,0.683319339645095
"Poisson_wrong",687,0.376096325480376
"Poisson_wrong",688,1.36918209798898
"Poisson_wrong",689,0.676796018486925
"Poisson_wrong",690,0.382796604763598
"Poisson_wrong",691,0.117353159178151
"Poisson_wrong",692,0.802044762166702
"Poisson_wrong",693,0.0583333883785144
"Poisson_wrong",694,0.954744945222728
"Poisson_wrong",695,1.9724689291329
"Poisson_wrong",696,0.509213743318355
"Poisson_wrong",697,0.240715667992504
"Poisson_wrong",698,0.38211117161984
"Poisson_wrong",699,1.58975944542863
"Poisson_wrong",700,0.839727723062424
"Poisson_wrong",701,0.0123682334965451
"Poisson_wrong",702,0.327909509787901
"Poisson_wrong",703,2.01193586977479
"Poisson_wrong",704,0.798507359208202
"Poisson_wrong",705,0.0631839903695663
"Poisson_wrong",706,0.0270186511961583
"Poisson_wrong",707,0.0921168507535413
"Poisson_wrong",708,0.237116578149767
"Poisson_wrong",709,1.81298893870064
"Poisson_wrong",710,0.686782443219386
"Poisson_wrong",711,1.6077086797236
"Poisson_wrong",712,0.223860183028705
"Poisson_wrong",713,3.58967273106964
"Poisson_wrong",714,0.518424444047128
"Poisson_wrong",715,0.236389874844576
"Poisson_wrong",716,5.17852574286667
"Poisson_wrong",717,2.6874217257191
"Poisson_wrong",718,4.12583487600216
"Poisson_wrong",719,1.79281717476931
"Poisson_wrong",720,0.791572519068495
"Poisson_wrong",721,1.16087468713465
"Poisson_wrong",722,0.756782082115933
"Poisson_wrong",723,0.173987755264534
"Poisson_wrong",724,0.175019075232399
"Poisson_wrong",725,1.4336209120745
"Poisson_wrong",726,0.466787217504475
"Poisson_wrong",727,0.640360603645831
"Poisson_wrong",728,2.12991408051084
"Poisson_wrong",729,1.9571136208632
"Poisson_wrong",730,0.00965951603791382
"Poisson_wrong",731,2.77658023715003
"Poisson_wrong",732,0.0417164853464556
"Poisson_wrong",733,0.0371438855793258
"Poisson_wrong",734,0.451250354840681
"Poisson_wrong",735,0.531004827048946
"Poisson_wrong",736,0.508827247566956
"Poisson_wrong",737,3.46703090684184
"Poisson_wrong",738,1.48464237907888
"Poisson_wrong",739,0.143524298148577
"Poisson_wrong",740,1.45847120723067
"Poisson_wrong",741,1.97670125304228
"Poisson_wrong",742,1.96680161315362
"Poisson_wrong",743,0.418004345961663
"Poisson_wrong",744,6.55436232143495
"Poisson_wrong",745,0.668764492349396
"Poisson_wrong",746,0.661075810130342
"Poisson_wrong",747,0.284451945963269
"Poisson_wrong",748,0.681888257949936
"Poisson_wrong",749,0.827638101219577
"Poisson_wrong",750,0.327945847654973
"Poisson_wrong",751,0.65668962271684
"Poisson_wrong",752,1.29685697520654
"Poisson_wrong",753,0.0444020902099282
"Poisson_wrong",754,0.216698227864981
"Poisson_wrong",755,0.191420302406755
"Poisson_wrong",756,0.935539258415815
"Poisson_wrong",757,0.418666326401535
"Poisson_wrong",758,0.588111326857643
"Poisson_wrong",759,0.658188643605968
"Poisson_wrong",760,0.512986563190793
"Poisson_wrong",761,2.88450433643322
"Poisson_wrong",762,0.20007082274492
"Poisson_wrong",763,0.837465861496867
"Poisson_wrong",764,0.133230523457769
"Poisson_wrong",765,1.08917080847459
"Poisson_wrong",766,0.577655906765358
"Poisson_wrong",767,0.757436349271416
"Poisson_wrong",768,2.62730500019074
"Poisson_wrong",769,2.19233171355904
"Poisson_wrong",770,0.791922478730044
"Poisson_wrong",771,0.0311663629763643
"Poisson_wrong",772,1.52726052396577
"Poisson_wrong",773,0.00639771239139009
"Poisson_wrong",774,1.07663701220702
"Poisson_wrong",775,0.155352132354096
"Poisson_wrong",776,0.153821885941397
"Poisson_wrong",777,1.8328633278004
"Poisson_wrong",778,0.478760042246108
"Poisson_wrong",779,0.213358858576726
"Poisson_wrong",780,0.329775267434911
"Poisson_wrong",781,0.00932193290350369
"Poisson_wrong",782,0.0168981405972772
"Poisson_wrong",783,0.282874595266321
"Poisson_wrong",784,0.399494098123114
"Poisson_wrong",785,0.0384262652877396
"Poisson_wrong",786,0.111892962602496
"Poisson_wrong",787,0.206376446239233
"Poisson_wrong",788,0.0380806722666875
"Poisson_wrong",789,0.927081351494166
"Poisson_wrong",790,4.67539207020809
"Poisson_wrong",791,0.706340429787019
"Poisson_wrong",792,1.73071433940129
"Poisson_wrong",793,5.6294344499222
"Poisson_wrong",794,0.0649328463878192
"Poisson_wrong",795,0.145280301901835
"Poisson_wrong",796,1.90271371031872
"Poisson_wrong",797,0.517434142069874
"Poisson_wrong",798,1.69733154919413
"Poisson_wrong",799,0.271905685107868
"Poisson_wrong",800,0.343263399033049
"Poisson_wrong",801,0.160533635327852
"Poisson_wrong",802,0.137577202452803
"Poisson_wrong",803,2.13624217892948
"Poisson_wrong",804,0.182817941234362
"Poisson_wrong",805,3.299985413694
"Poisson_wrong",806,0.897484442237555
"Poisson_wrong",807,0.0403549389669706
"Poisson_wrong",808,1.50521525259273
"Poisson_wrong",809,0.28019693602721
"Poisson_wrong",810,1.00708780631078
"Poisson_wrong",811,0.421100576194704
"Poisson_wrong",812,0.291485994226832
"Poisson_wrong",813,0.673500321791948
"Poisson_wrong",814,0.0304929820414372
"Poisson_wrong",815,0.496979214007183
"Poisson_wrong",816,0.0693788276945497
"Poisson_wrong",817,0.0790265260454817
"Poisson_wrong",818,3.98478459365333
"Poisson_wrong",819,0.404029759597847
"Poisson_wrong",820,0.688672300242956
"Poisson_wrong",821,0.861599034146934
"Poisson_wrong",822,2.55879094399427
"Poisson_wrong",823,1.23168189878061
"Poisson_wrong",824,0.662055622485354
"Poisson_wrong",825,0.11484253348965
"Poisson_wrong",826,1.67829266462059
"Poisson_wrong",827,0.193813902883448
"Poisson_wrong",828,0.822754860048462
"Poisson_wrong",829,0.664566532390154
"Poisson_wrong",830,0.704257284682171
"Poisson_wrong",831,1.36403570967423
"Poisson_wrong",832,0.00400452133339968
"Poisson_wrong",833,0.583038764420394
"Poisson_wrong",834,0.0675098108235943
"Poisson_wrong",835,0.124391522094697
"Poisson_wrong",836,0.376475300169659
"Poisson_wrong",837,0.528035078638709
"Poisson_wrong",838,0.696266138078954
"Poisson_wrong",839,0.717922350455069
"Poisson_wrong",840,2.72959095040767
"Poisson_wrong",841,1.45576767701903
"Poisson_wrong",842,2.24822804993551
"Poisson_wrong",843,0.507549862473525
"Poisson_wrong",844,0.130409192038883
"Poisson_wrong",845,0.381098154549818
"Poisson_wrong",846,1.5178428087828
"Poisson_wrong",847,0.785543432943541
"Poisson_wrong",848,0.0588974833721068
"Poisson_wrong",849,0.479463426869074
"Poisson_wrong",850,0.106069000131697
"Poisson_wrong",851,0.261268920610746
"Poisson_wrong",852,0.0748153832257685
"Poisson_wrong",853,0.62608963365119
"Poisson_wrong",854,0.0175334422327751
"Poisson_wrong",855,0.358118294750739
"Poisson_wrong",856,0.604436527996654
"Poisson_wrong",857,0.759157264544683
"Poisson_wrong",858,1.25110264464377
"Poisson_wrong",859,0.190982748040256
"Poisson_wrong",860,2.82422760480677
"Poisson_wrong",861,1.7263530275269
"Poisson_wrong",862,0.293180987682717
"Poisson_wrong",863,1.04421557654291
"Poisson_wrong",864,0.228820155671201
"Poisson_wrong",865,0.321789404067204
"Poisson_wrong",866,3.26260906111031
"Poisson_wrong",867,0.736054015234458
"Poisson_wrong",868,0.140960019998374
"Poisson_wrong",869,0.0899569775685904
"Poisson_wrong",870,0.283822029463067
"Poisson_wrong",871,0.567473265693479
"Poisson_wrong",872,1.39819597559961
"Poisson_wrong",873,0.619903634759794
"Poisson_wrong",874,0.0527675278933657
"Poisson_wrong",875,4.57362039006921
"Poisson_wrong",876,0.0643250027003432
"Poisson_wrong",877,0.389442216561861
"Poisson_wrong",878,0.0949984977343092
"Poisson_wrong",879,0.920370798211025
"Poisson_wrong",880,0.674479067938705
"Poisson_wrong",881,0.355828746113048
"Poisson_wrong",882,0.130821141293154
"Poisson_wrong",883,0.0223728984368563
"Poisson_wrong",884,0.485192264298689
"Poisson_wrong",885,4.96456840867666
"Poisson_wrong",886,2.22208740996882
"Poisson_wrong",887,5.05806323765171
"Poisson_wrong",888,1.94116207034017
"Poisson_wrong",889,0.316174203851119
"Poisson_wrong",890,0.521311945357184
"Poisson_wrong",891,0.85442272043008
"Poisson_wrong",892,0.556734117115298
"Poisson_wrong",893,1.66233533683089
"Poisson_wrong",894,0.357161773133384
"Poisson_wrong",895,0.319620208274159
"Poisson_wrong",896,0.0943613163716464
"Poisson_wrong",897,0.283356233397171
"Poisson_wrong",898,0.0954352756180015
"Poisson_wrong",899,0.291147158161039
"Poisson_wrong",900,0.946748271396359
"Poisson_wrong",901,1.1690223812451
"Poisson_wrong",902,3.25060433181693
"Poisson_wrong",903,0.308745839935114
"Poisson_wrong",904,0.13819083489193
"Poisson_wrong",905,0.0732315119821578
"Poisson_wrong",906,1.42621910353114
"Poisson_wrong",907,0.377877310335521
"Poisson_wrong",908,1.09944936990451
"Poisson_wrong",909,2.35722847084571
"Poisson_wrong",910,1.97653606576523
"Poisson_wrong",911,4.11060387747818
"Poisson_wrong",912,2.21191146090973
"Poisson_wrong",913,0.840084140658405
"Poisson_wrong",914,1.17661219019578
"Poisson_wrong",915,0.155430965363053
"Poisson_wrong",916,0.859816374492084
"Poisson_wrong",917,2.14068945722374
"Poisson_wrong",918,0.0388201849623329
"Poisson_wrong",919,0.177469719082751
"Poisson_wrong",920,0.636323799285833
"Poisson_wrong",921,0.925243287748117
"Poisson_wrong",922,0.733431994081343
"Poisson_wrong",923,0.847617918132642
"Poisson_wrong",924,1.83189079474323
"Poisson_wrong",925,0.958563956452281
"Poisson_wrong",926,2.01430209186753
"Poisson_wrong",927,0.380670623514561
"Poisson_wrong",928,0.570479844120655
"Poisson_wrong",929,0.110488448550882
"Poisson_wrong",930,0.2616560590277
"Poisson_wrong",931,1.37092137128138
"Poisson_wrong",932,0.166173114646085
"Poisson_wrong",933,0.190102415980732
"Poisson_wrong",934,2.37397042739781
"Poisson_wrong",935,1.03027546415149
"Poisson_wrong",936,0.815693905353783
"Poisson_wrong",937,0.76395771005889
"Poisson_wrong",938,1.12711692986443
"Poisson_wrong",939,0.983036832385778
"Poisson_wrong",940,0.45743313204764
"Poisson_wrong",941,0.319087861001776
"Poisson_wrong",942,0.61829336321216
"Poisson_wrong",943,0.973619401473115
"Poisson_wrong",944,0.581859503372243
"Poisson_wrong",945,0.191987042032338
"Poisson_wrong",946,0.164408499048591
"Poisson_wrong",947,0.109334724829182
"Poisson_wrong",948,1.14128123658463
"Poisson_wrong",949,0.81911327629382
"Poisson_wrong",950,0.035021974674919
"Poisson_wrong",951,0.447190293774725
"Poisson_wrong",952,0.0118107227533528
"Poisson_wrong",953,0.0499650563214118
"Poisson_wrong",954,0.464810794407754
"Poisson_wrong",955,0.160311049346546
"Poisson_wrong",956,0.448145382540815
"Poisson_wrong",957,0.0482374062341933
"Poisson_wrong",958,0.133859744274787
"Poisson_wrong",959,0.940375899772562
"Poisson_wrong",960,0.442998985501049
"Poisson_wrong",961,0.170781423744529
"Poisson_wrong",962,0.492386708602567
"Poisson_wrong",963,0.296313654661162
"Poisson_wrong",964,1.86761397363023
"Poisson_wrong",965,1.80943223843303
"Poisson_wrong",966,0.116615026755994
"Poisson_wrong",967,0.578368093121867
"Poisson_wrong",968,0.937533750587363
"Poisson_wrong",969,0.261650599494601
"Poisson_wrong",970,0.0236439630440373
"Poisson_wrong",971,0.00114621778186574
"Poisson_wrong",972,1.29617911528726
"Poisson_wrong",973,0.146501256273268
"Poisson_wrong",974,0.0867045029314113
"Poisson_wrong",975,3.32923290261863
"Poisson_wrong",976,0.397454890557583
"Poisson_wrong",977,2.24267682451307
"Poisson_wrong",978,0.455871529916976
"Poisson_wrong",979,0.180715722355444
"Poisson_wrong",980,0.257641858639204
"Poisson_wrong",981,0.94455843318849
"Poisson_wrong",982,0.273422287822996
"Poisson_wrong",983,3.54038095403348
"Poisson_wrong",984,2.66696251580936
"Poisson_wrong",985,1.93818518046646
"Poisson_wrong",986,0.103373551542745
"Poisson_wrong",987,1.02527869877235
"Poisson_wrong",988,2.43847801216521
"Poisson_wrong",989,0.596674689316387
"Poisson_wrong",990,3.38199319013859
"Poisson_wrong",991,0.467473810649608
"Poisson_wrong",992,0.814780029904114
"Poisson_wrong",993,0.0616214000580158
"Poisson_wrong",994,1.35188174211191
"Poisson_wrong",995,1.69253744945956
"Poisson_wrong",996,0.0194423365173861
"Poisson_wrong",997,0.238069396767628
"Poisson_wrong",998,0.368554555335209
"Poisson_wrong",999,0.10544318399775
"Poisson_wrong",1000,0.700081708380139
"Poisson_wrong",1001,0.406060897163002
"Poisson_wrong",1002,3.54162620592808
"Poisson_wrong",1003,6.27060996577723
"Poisson_wrong",1004,0.10305552455327
"Poisson_wrong",1005,1.4553952211769
"Poisson_wrong",1006,0.867271193729948
"Poisson_wrong",1007,1.05533950440349
"Poisson_wrong",1008,4.07646470748523
"Poisson_wrong",1009,0.553165481907172
"Poisson_wrong",1010,0.00197121205417261
"Poisson_wrong",1011,0.181455248358134
"Poisson_wrong",1012,1.83384124812835
"Poisson_wrong",1013,0.122628866483865
"Poisson_wrong",1014,0.0397481131578843
"Poisson_wrong",1015,0.306069457056992
"Poisson_wrong",1016,0.594940142029259
"Poisson_wrong",1017,0.303937629165375
"Poisson_wrong",1018,0.748404510945875
"Poisson_wrong",1019,0.302141748791314
"Poisson_wrong",1020,2.8456004625499
"Poisson_wrong",1021,1.03060962877646
"Poisson_wrong",1022,2.43353917316369
"Poisson_wrong",1023,0.22042603325508
"Poisson_wrong",1024,2.49575892609414
"Poisson_wrong",1025,1.30411326030867
"Poisson_wrong",1026,0.247924448484355
"Poisson_wrong",1027,0.213961306482133
"Poisson_wrong",1028,0.571396059099015
"Poisson_wrong",1029,0.652191851523867
"Poisson_wrong",1030,0.283349384468465
"Poisson_wrong",1031,0.727153985427549
"Poisson_wrong",1032,0.0117921560984087
"Poisson_wrong",1033,2.91425459771517
"Poisson_wrong",1034,0.992795907129221
"Poisson_wrong",1035,0.316970523695545
"Poisson_wrong",1036,0.564540967611265
"Poisson_wrong",1037,0.675427569576186
"Poisson_wrong",1038,2.2414640038478
"Poisson_wrong",1039,0.164045978843887
"Poisson_wrong",1040,0.152003692941662
"Poisson_wrong",1041,0.0148662167857765
"Poisson_wrong",1042,0.00504603576519003
"Poisson_wrong",1043,0.0449537647316447
"Poisson_wrong",1044,0.215978095742912
"Poisson_wrong",1045,0.566918848983278
"Poisson_wrong",1046,1.52315913859547
"Poisson_wrong",1047,0.402990359651767
"Poisson_wrong",1048,1.2841727999994
"Poisson_wrong",1049,2.02311414476185
"Poisson_wrong",1050,0.0597233923306248
"Poisson_wrong",1051,0.0947612882198428
"Poisson_wrong",1052,0.500084084440005
"Poisson_wrong",1053,2.75539630828712
"Poisson_wrong",1054,0.930064435239956
"Poisson_wrong",1055,0.302847108853939
"Poisson_wrong",1056,0.297664569932294
"Poisson_wrong",1057,0.226740294907813
"Poisson_wrong",1058,0.429490172145734
"Poisson_wrong",1059,0.914139307352343
"Poisson_wrong",1060,0.0760293306004769
"Poisson_wrong",1061,0.448311420412892
"Poisson_wrong",1062,0.170860689816209
"Poisson_wrong",1063,0.699624209497188
"Poisson_wrong",1064,0.670113436273823
"Poisson_wrong",1065,0.761713570761003
"Poisson_wrong",1066,0.424871532201905
"Poisson_wrong",1067,0.0108099017802488
"Poisson_wrong",1068,0.213462272435663
"Poisson_wrong",1069,0.387503518896665
"Poisson_wrong",1070,0.349801791612435
"Poisson_wrong",1071,0.11227959726989
"Poisson_wrong",1072,4.89090246550927
"Poisson_wrong",1073,0.414162418646129
"Poisson_wrong",1074,1.1014814704788
"Poisson_wrong",1075,0.344832190556872
"Poisson_wrong",1076,0.421099569285616
"Poisson_wrong",1077,1.45242674457813
"Poisson_wrong",1078,2.75800797760098
"Poisson_wrong",1079,2.66268024901206
"Poisson_wrong",1080,1.90237556037096
"Poisson_wrong",1081,1.35994346452549
"Poisson_wrong",1082,2.86102372321488
"Poisson_wrong",1083,1.00131363968399
"Poisson_wrong",1084,0.755263430613695
"Poisson_wrong",1085,0.315835582450063
"Poisson_wrong",1086,0.175974656305698
"Poisson_wrong",1087,0.253431610329699
"Poisson_wrong",1088,0.274267971616609
"Poisson_wrong",1089,2.62339598058384
"Poisson_wrong",1090,0.329715270768929
"Poisson_wrong",1091,2.24426248218197
"Poisson_wrong",1092,0.292253637837575
"Poisson_wrong",1093,2.26800875658046
"Poisson_wrong",1094,1.40596530285029
"Poisson_wrong",1095,1.10010821198307
"Poisson_wrong",1096,2.55526965412992
"Poisson_wrong",1097,0.275771371786732
"Poisson_wrong",1098,0.422717970993745
"Poisson_wrong",1099,0.328181489804365
"Poisson_wrong",1100,1.21092018378749
"Poisson_wrong",1101,0.260101056820304
"Poisson_wrong",1102,0.48077692718698
"Poisson_wrong",1103,1.75884289610462
"Poisson_wrong",1104,2.09502346638419
"Poisson_wrong",1105,0.512239028884778
"Poisson_wrong",1106,1.12213420830858
"Poisson_wrong",1107,0.150104915114298
"Poisson_wrong",1108,0.848138341300228
"Poisson_wrong",1109,0.225707898527844
"Poisson_wrong",1110,0.315335767043052
"Poisson_wrong",1111,1.55967958790825
"Poisson_wrong",1112,0.513236494010698
"Poisson_wrong",1113,3.45480118225623
"Poisson_wrong",1114,1.71675472176753
"Poisson_wrong",1115,0.0823432759307252
"Poisson_wrong",1116,0.251894785190416
"Poisson_wrong",1117,0.0805864839917376
"Poisson_wrong",1118,4.44097440906785
"Poisson_wrong",1119,2.30293053268747
"Poisson_wrong",1120,0.369647867099957
"Poisson_wrong",1121,0.373196458833263
"Poisson_wrong",1122,1.61975393123885
"Poisson_wrong",1123,1.81809694553431
"Poisson_wrong",1124,0.434731215385909
"Poisson_wrong",1125,0.629522330450072
