"branching_true","alpha_true","beta_true","replicate","n_events","observed_LR","branching_hat","alpha_hat","beta_hat","p_empirical","p_corrected","reject","max_boot_LR","mean_boot_LR"
0,0,1.2,1,216,0.508294081664587,0.0105772066766355,0.339396490137544,32.0875350660636,0.42,0.431372549019608,FALSE,8.47305144981249,1.28638190526928
0,0,1.2,2,149,1.94370789709393,0.0958930944094709,0.150261388221435,1.5669677691264,0.1,0.117647058823529,FALSE,3.21116265136067,0.541219967333285
0,0,1.2,3,263,5.86567363143331e-05,3.30250431573446e-06,0.00016438989270078,49.7773437925759,0.78,0.784313725490196,FALSE,10.5763679025235,1.1918090105992
0,0,1.2,4,159,0,2.61055644365035e-08,1.39461801567889e-07,5.3422250994458,1,1,FALSE,6.69570736647472,0.913852445161767
0,0,1.2,5,187,1.24358708295679,0.0258446733060238,0.627290862452514,24.271572521921,0.14,0.156862745098039,FALSE,2.45024384130232,0.354897331797925
0,0,1.2,6,172,0,6.89816597943723e-08,3.77327076057082e-05,546.996226506955,1,1,FALSE,6.00912703394295,0.828944983257275
0,0,1.2,7,152,0,4.74999695501508e-09,5.95584752870958e-06,1253.86344141155,1,1,FALSE,9.32135930992376,0.890405055305005
0,0,1.2,8,117,2.45310904696251,0.0511435668980954,0.763162084325263,14.9219565746339,0.18,0.196078431372549,FALSE,6.36700595253035,0.946314992566559
0,0,1.2,9,140,0,1.46256169374172e-07,1.77220503401918e-07,1.21171301122026,1,1,FALSE,11.9764052924101,1.07994112573392
0,0,1.2,10,184,4.73969507884721,0.204398717502748,0.0776294297129407,0.379794113492404,0.02,0.0392156862745098,TRUE,5.39171573136525,0.86318602336203
0,0,1.2,11,150,8.17939823605229e-05,2.98400722133016e-06,9.65783299905093e-05,32.365313763369,0.56,0.568627450980392,FALSE,5.9573883369757,0.963287634598815
0,0,1.2,12,174,0.0532439617493878,0.0102327228463527,0.0591289967862535,5.77842258351882,0.56,0.568627450980392,FALSE,6.07415536989691,1.1115350250959
0,0,1.2,13,182,0.00339252439653137,0.00191947475847443,0.0157500338366703,8.20538731605317,0.66,0.666666666666667,FALSE,18.5046417177269,2.04803683537007
0,0,1.2,14,168,4.04398901734356,0.107284629830989,0.354006558527727,3.29969501768717,0.02,0.0392156862745098,TRUE,7.18749712066358,0.579501520665376
0,0,1.2,15,152,0.661068154988811,0.076286261217722,0.0623303360003322,0.817058471674744,0.34,0.352941176470588,FALSE,6.65634313878041,0.756812313905251
0,0,1.2,16,164,0,4.03248983946434e-08,2.62301944757984e-05,650.471433780048,1,1,FALSE,7.44628946616689,0.918930545840126
0,0,1.2,17,175,3.8309177321899,0.117204089860505,0.377991236616985,3.22506865645104,0.1,0.117647058823529,FALSE,4.21682534576604,0.9935927408078
0,0,1.2,18,179,0.0396686122884944,0.00394962676449254,0.0671797563268365,17.0091404410128,0.56,0.568627450980392,FALSE,7.99528441803733,1.09775943871139
0,0,1.2,19,198,0.687111883140403,0.0853764529849174,0.0427943735143272,0.501243282171575,0.4,0.411764705882353,FALSE,8.88310361150121,1.11185328565705
0,0,1.2,20,135,4.35049345150998,0.0864028822393646,0.616242937499268,7.13220348126896,0.06,0.0784313725490196,FALSE,6.81114966275788,0.892976466351854
0,0,1.2,21,187,5.69277756470552,0.0490119981524086,1.52364596410675,31.087203573476,0.02,0.0392156862745098,TRUE,12.6589112228938,1.0885738000611
0,0,1.2,22,158,3.18598269473114e-05,8.10515731657302e-07,1.85746862756185e-05,22.9171199893158,0.44,0.450980392156863,FALSE,6.18546070014435,0.679057003521663
0,0,1.2,23,135,7.54881834836851e-05,1.89879824576217e-06,0.000168733548042152,88.8633368072357,0.6,0.607843137254902,FALSE,15.9407610292277,0.98074422357002
0,0,1.2,24,166,0,3.61045119925094e-09,8.48086785836256e-06,2348.97728575367,1,1,FALSE,8.9690827429651,0.797878288956814
0,0,1.2,25,145,0.759220999988202,0.0595653861502352,0.10188420383961,1.7104598899542,0.36,0.372549019607843,FALSE,6.48842694365817,0.924799857743395
0,0,1.2,26,205,0.0835602531981294,0.00364110022002217,0.327537800145448,89.9557222688733,0.46,0.470588235294118,FALSE,15.396277491465,0.748492981936489
0,0,1.2,27,151,0,1.13505411642794e-07,2.60550158668412e-08,0.229548666356432,1,1,FALSE,5.81362519710876,0.533724068828382
0,0,1.2,28,182,0,7.89195901211161e-07,2.86626442786309e-06,3.63187951618135,1,1,FALSE,7.13529718525024,0.770134339389892
0,0,1.2,29,160,1.17526351218004,0.0915908048155666,0.0304839846426185,0.332828002811014,0.18,0.196078431372549,FALSE,7.66868905322423,0.917276190111944
0,0,1.2,30,179,2.15119980470604,0.135813756883156,0.0965966678462589,0.711243618195197,0.24,0.254901960784314,FALSE,12.7915613283381,1.53521911483471
0.05,0.06,1.2,1,111,0.0757418540351864,0.0229170519245682,0.0226968911339683,0.990393145186189,0.5,0.509803921568627,FALSE,13.0248693815275,1.36192291199325
0.05,0.06,1.2,2,205,1.06721381701135,0.1070369847609,0.0442209137868697,0.413136766563918,0.26,0.274509803921569,FALSE,9.23351958811975,1.14877036275409
0.05,0.06,1.2,3,183,0,1.76248323731945e-06,1.87680973666691e-07,0.106486671585106,1,1,FALSE,4.87727146623672,0.735323703265703
0.05,0.06,1.2,4,211,0.737458408571456,0.0630126586237477,0.0796385106626925,1.26384939791572,0.34,0.352941176470588,FALSE,7.73365581009338,1.46548139284465
0.05,0.06,1.2,5,128,0,9.38995105453875e-09,1.47381768048923e-05,1569.56907648292,1,1,FALSE,6.63962002898177,1.0425722755979
0.05,0.06,1.2,6,138,3.28095151717901,0.202374406087518,0.0740806929116837,0.366057617382936,0.1,0.117647058823529,FALSE,5.10578838334374,0.881392683336551
0.05,0.06,1.2,7,158,7.11180598343071,0.35864088594824,0.0438602305838443,0.122295678775939,0,0.0196078431372549,TRUE,5.07225321535185,0.860375257954402
0.05,0.06,1.2,8,162,4.79363285175106,0.216598023902079,0.1118378711024,0.516338372288016,0.04,0.0588235294117647,FALSE,6.05914960011955,0.885805286511699
0.05,0.06,1.2,9,189,0,1.68967308721134e-07,1.66581309887563e-06,9.85878932134089,1,1,FALSE,4.65355864010206,0.903489050819986
0.05,0.06,1.2,10,167,0,1.98437979744755e-08,3.73400358216441e-07,18.8169804337221,1,1,FALSE,4.46478140123861,0.79692090580639
0.05,0.06,1.2,11,161,1.73232709994471,0.061756518749788,0.428968785953535,6.94612964975471,0.14,0.156862745098039,FALSE,7.83966265877007,0.863919066701
0.05,0.06,1.2,12,166,0,2.10444245518477e-07,1.37054953044266e-06,6.51264912027412,1,1,FALSE,10.7942981666364,1.02338100611721
0.05,0.06,1.2,13,208,3.34519642384146,0.21150798796991,0.0728864220170042,0.344603637510718,0.06,0.0784313725490196,FALSE,4.28623533680815,0.860545967521283
0.05,0.06,1.2,14,188,0,3.29245325135246e-09,2.0780139993736e-06,631.144572370164,1,1,FALSE,8.14757447039784,0.792470337462243
0.05,0.06,1.2,15,181,0.286759540671824,0.0255631195261516,0.148085584469308,5.79293870287674,0.38,0.392156862745098,FALSE,9.16959912329548,0.782788002437969
0.05,0.06,1.2,16,196,0,9.93708397628557e-10,6.08117532819002e-07,611.967790822991,1,1,FALSE,5.72476266978356,0.873183159726434
0.05,0.06,1.2,17,231,0.183277708931087,0.0334160737555434,0.0402292617076012,1.20388954135964,0.44,0.450980392156863,FALSE,8.2878301012619,0.955936988337615
0.05,0.06,1.2,18,187,0,4.60651879182529e-08,9.37252342285864e-07,20.3462177110643,1,1,FALSE,6.08469832471854,0.796405094736672
0.05,0.06,1.2,19,225,2.53955627670689,0.0101681649502187,4.72777654810925,464.958679491877,0.16,0.176470588235294,FALSE,6.26249485147827,0.887575324471405
0.05,0.06,1.2,20,155,0,8.02949999385543e-09,2.14790587132975e-05,2675.01821156166,1,1,FALSE,7.0631251681138,1.37784698653308
0.05,0.06,1.2,21,243,0.000210619444999338,7.16088052093329e-07,0.000340208056382028,475.092490912958,0.66,0.666666666666667,FALSE,13.9042191155572,0.945770726953065
0.05,0.06,1.2,22,139,2.82998423165787,0.125451407298471,0.250905093934618,2.00001816908813,0.14,0.156862745098039,FALSE,7.34422053681993,1.22078854815985
0.05,0.06,1.2,23,179,7.81770003730946,0.194874956325287,0.348213617789553,1.78685668161645,0.02,0.0392156862745098,TRUE,10.4346219495499,1.19750197968916
0.05,0.06,1.2,24,184,0,9.803742833153e-09,4.42455435141247e-07,45.1312771735515,1,1,FALSE,5.73937116827753,0.929337718442094
0.05,0.06,1.2,25,151,2.11200525601851,0.139419804298167,0.066357473354167,0.475954429058391,0.2,0.215686274509804,FALSE,7.70826149973777,1.02958779337129
0.05,0.06,1.2,26,175,4.35344947491956,0.198895026581831,0.0897812887950352,0.451400371029874,0.04,0.0588235294117647,FALSE,10.7265800357559,0.645439705226384
0.05,0.06,1.2,27,173,4.06302259637198,0.134565868538374,0.323787368637597,2.40616266334477,0.08,0.0980392156862745,FALSE,7.08921574292083,0.860147781997514
0.05,0.06,1.2,28,179,8.04839803012561,0.194642912496495,0.274011496169066,1.40776508455709,0,0.0196078431372549,TRUE,5.9351309345281,1.04201566056543
0.05,0.06,1.2,29,145,0.567290688930029,0.057991506540496,0.0850873730650697,1.46723853441628,0.26,0.274509803921569,FALSE,9.07248656872719,1.12409092991394
0.05,0.06,1.2,30,162,0.0111728478690907,0.00593147989065336,0.023569412412182,3.97361414801759,0.56,0.568627450980392,FALSE,8.61893090149539,0.904613580038785
0.1,0.12,1.2,1,197,2.22011347947725,0.0994125128295693,0.153741201844473,1.546497492806,0.1,0.117647058823529,FALSE,5.62672873770285,0.780903384665547
0.1,0.12,1.2,2,208,1.41311256971176,0.0719297414218818,0.134785849987034,1.87385422667502,0.28,0.294117647058824,FALSE,9.28046547373111,1.22524284325552
0.1,0.12,1.2,3,171,0,1.20067553114517e-08,3.36863989798047e-06,280.562051161946,1,1,FALSE,6.02403321590356,0.815507750023426
0.1,0.12,1.2,4,155,0,2.5640761297537e-07,2.59887712495379e-06,10.135725280526,1,1,FALSE,7.89067770472309,0.607685288604525
0.1,0.12,1.2,5,205,1.89845423764203,0.095170313981798,0.093330708386364,0.980670384298765,0.2,0.215686274509804,FALSE,10.0774314533836,1.1003163254815
0.1,0.12,1.2,6,168,1.96844736846555,0.118196017193973,0.0959660158638392,0.811922585397681,0.16,0.176470588235294,FALSE,9.12709356584128,0.815015705815372
0.1,0.12,1.2,7,181,8.59342124763796,0.048094481480342,5.85482330915514,121.735865091886,0,0.0196078431372549,TRUE,8.24051056836262,0.931284969808442
0.1,0.12,1.2,8,209,0.00634487472203205,0.000637891005503266,0.0117599023187078,18.4355982718862,0.62,0.627450980392157,FALSE,5.62304966310003,0.916044571095602
0.1,0.12,1.2,9,186,0.246740866473147,0.0500582178701601,0.0343564945028214,0.686330755759914,0.38,0.392156862745098,FALSE,6.01042393335558,0.738047825091335
0.1,0.12,1.2,10,196,4.99344137024138,0.209323528628319,0.149240901447414,0.712967636392234,0.08,0.0980392156862745,FALSE,6.90668647848031,1.18876737608954
0.1,0.12,1.2,11,201,1.02161563672564,0.097741969389226,0.0557598955899923,0.570480582071622,0.18,0.196078431372549,FALSE,5.3021642278398,0.653446593292574
0.1,0.12,1.2,12,203,9.64655778973986,0.396730714592131,0.00970335250583509,0.024458284042391,0,0.0196078431372549,TRUE,6.45076665629142,1.02023328545661
0.1,0.12,1.2,13,212,0,2.39957769887497e-09,1.24887446501842e-05,5204.55939227953,1,1,FALSE,5.89004476253928,1.04732166675563
0.1,0.12,1.2,14,178,2.68569669321835,0.168027405008498,0.0613135165685052,0.364901883507659,0.14,0.156862745098039,FALSE,7.08131391779733,1.07928115993813
0.1,0.12,1.2,15,187,2.51386726570342,0.109581158866635,0.206935916123021,1.88842606031271,0.16,0.176470588235294,FALSE,6.69460933963705,0.894237018062367
0.1,0.12,1.2,16,205,0.959294562607511,0.045124575394815,0.191695056628528,4.24812987050411,0.46,0.470588235294118,FALSE,5.55700656883275,1.28040814053445
0.1,0.12,1.2,17,211,1.71037604251862,0.0757000953250984,0.245951120069905,3.24901995187263,0.14,0.156862745098039,FALSE,10.9183169934675,0.813507103805246
0.1,0.12,1.2,18,153,2.83472678298443,0.111778588046904,0.155229876399396,1.38872640200339,0.16,0.176470588235294,FALSE,10.8508962370759,1.23457362424583
0.1,0.12,1.2,19,179,0.395708725453346,0.0294995552299767,0.160932195146253,5.45541089998259,0.3,0.313725490196078,FALSE,3.94939373673418,0.480886973724004
0.1,0.12,1.2,20,232,1.05860628633712,0.0764779385168085,0.128871051599355,1.68507486078526,0.34,0.352941176470588,FALSE,7.52522336186496,1.18801741686439
0.1,0.12,1.2,21,209,1.34625759673156,0.0587318984242473,0.228424464982818,3.88927433151921,0.18,0.196078431372549,FALSE,4.5392012382635,0.545582982167838
0.1,0.12,1.2,22,206,2.58555036383291,0.109180085464337,0.139773389452139,1.28020956255613,0.04,0.0588235294117647,FALSE,6.70542254567857,0.583955685286431
0.1,0.12,1.2,23,163,6.02559947441767,0.0239414469708361,8.0284392938757,335.336427395362,0.02,0.0392156862745098,TRUE,7.98690043218608,0.8895769655149
0.1,0.12,1.2,24,147,0,2.45762479987343e-09,7.95353427035092e-06,3236.26872204437,1,1,FALSE,6.34095796267258,0.767010471564527
0.1,0.12,1.2,25,157,1.25642290846054,0.070921327567478,0.168362553671229,2.37393403995491,0.14,0.156862745098039,FALSE,13.3845987906494,0.901921915291558
0.1,0.12,1.2,26,136,3.53660248892527,0.125215655004695,0.159736547471931,1.27569150571421,0.06,0.0784313725490196,FALSE,7.37023114171478,1.11003925565952
0.1,0.12,1.2,27,212,11.898709327641,0.271166992552415,0.256427123267053,0.945642833788066,0,0.0196078431372549,TRUE,9.35742553045088,1.23032519647814
0.1,0.12,1.2,28,210,5.21701263767591,0.163638563424542,0.218974290596485,1.33815823125006,0.08,0.0980392156862745,FALSE,8.54754162727227,0.962787106219383
0.1,0.12,1.2,29,173,2.87957658259012,0.0829050292690603,0.308050506499664,3.71570348886695,0.06,0.0784313725490196,FALSE,5.88815652491138,0.721989773005466
0.1,0.12,1.2,30,174,3.23304069462694,0.153226178613497,0.123127993514429,0.803570216451143,0.06,0.0784313725490196,FALSE,4.8733217636464,0.800470278346413
0.2,0.24,1.2,1,237,14.0719569136606,0.320103824671467,0.221438062704594,0.691769499886055,0,0.0196078431372549,TRUE,9.83948791315771,0.996682633392303
0.2,0.24,1.2,2,206,8.61321630451494,0.197152487058413,0.378334668911859,1.91899516235758,0,0.0196078431372549,TRUE,8.16621337860312,1.34125316467823
0.2,0.24,1.2,3,201,7.29640491879383,0.208776656512416,0.196035081615181,0.938970308701744,0,0.0196078431372549,TRUE,7.16076788236057,1.00583317147289
0.2,0.24,1.2,4,172,18.7318252088619,0.420362810807873,0.138235980625494,0.328849215656888,0,0.0196078431372549,TRUE,4.92746051974291,0.722724881295081
0.2,0.24,1.2,5,216,26.9205258587164,0.379757706406172,0.361006533250429,0.950623324189534,0,0.0196078431372549,TRUE,4.25541498192177,0.65396992847093
0.2,0.24,1.2,6,243,6.92185965690794,0.210169557241155,0.143993114804412,0.685128315892056,0,0.0196078431372549,TRUE,4.7528091277199,1.1514807117377
0.2,0.24,1.2,7,263,14.2544384745079,0.254060568967467,0.313025705994119,1.23209086426238,0,0.0196078431372549,TRUE,6.28205419933019,0.835958527430966
0.2,0.24,1.2,8,226,7.46545396480721,0.0996346203347611,0.73903929114574,7.41749492960028,0,0.0196078431372549,TRUE,7.2467078091708,0.804739240087152
0.2,0.24,1.2,9,216,2.73580251619489,0.16345284841103,0.0706853372469523,0.432450935753668,0.14,0.156862745098039,FALSE,7.9148184498174,1.08917802897366
0.2,0.24,1.2,10,156,14.4016181813137,0.265800548820085,0.414198259802032,1.55830475761129,0,0.0196078431372549,TRUE,4.03106927739304,0.608455019416466
0.2,0.24,1.2,11,187,7.65023493058038,0.243897756033503,0.10783241540921,0.442121392024605,0,0.0196078431372549,TRUE,3.97254892605628,0.667750568766526
0.2,0.24,1.2,12,201,4.52961227331349,0.159312868552441,0.16347379201743,1.02611793700532,0.12,0.137254901960784,FALSE,7.39548260098064,1.15705571496851
0.2,0.24,1.2,13,196,4.83601046793359,0.218541075361017,0.0474925681823653,0.217316438586707,0,0.0196078431372549,TRUE,4.00915209936522,0.653175278354343
0.2,0.24,1.2,14,193,25.6619945314718,0.398213483154686,0.299833277998183,0.752946072099002,0,0.0196078431372549,TRUE,11.4151565640702,1.13728679129582
0.2,0.24,1.2,15,179,1.0861447540758,0.0559950088250524,0.204726510945467,3.65615641896054,0.28,0.294117647058824,FALSE,6.826275646711,0.738629846039629
0.2,0.24,1.2,16,265,32.3109565116231,0.317756270087758,0.220586153951586,0.694199217188269,0,0.0196078431372549,TRUE,11.4466133947197,0.8142342330478
0.2,0.24,1.2,17,197,1.77675590457375,0.080966475762227,0.190762019187535,2.35606178225841,0.22,0.235294117647059,FALSE,7.52755699597247,0.958919553003963
0.2,0.24,1.2,18,191,0.194173572979793,0.0380642568729924,0.0342516950195283,0.899838794536687,0.5,0.509803921568627,FALSE,8.14056416660748,1.01412673646909
0.2,0.24,1.2,19,239,20.4842124410244,0.332173805601352,0.365203722698244,1.09943564645953,0,0.0196078431372549,TRUE,6.97191530126071,0.816731472268576
0.2,0.24,1.2,20,202,17.8687821569785,0.346377883681742,0.228906358084366,0.660857314708606,0,0.0196078431372549,TRUE,13.6378280429388,1.07323152720701
0.2,0.24,1.2,21,167,12.1787872321183,0.305166036342001,0.265880624550776,0.87126545187618,0,0.0196078431372549,TRUE,4.17220532150384,0.742079650752776
0.2,0.24,1.2,22,213,4.99307326734021,0.168870260721764,0.232060922713232,1.37419650873627,0.04,0.0588235294117647,FALSE,7.38051459702081,0.894573551668125
0.2,0.24,1.2,23,270,18.7464032125524,0.312187819723399,0.397045904827269,1.27181741164359,0,0.0196078431372549,TRUE,3.96525227115302,0.834763637131769
0.2,0.24,1.2,24,219,5.13718291274711,0.151986955500203,0.286714015922787,1.88643831294064,0.04,0.0588235294117647,FALSE,7.28806193433039,1.2389506485202
0.2,0.24,1.2,25,251,1.9361838044982,0.0942790106711132,0.198843731935387,2.10909862672447,0.14,0.156862745098039,FALSE,5.4435175770198,0.842607781490217
0.2,0.24,1.2,26,193,7.31285393665001,0.258846426849705,0.17109466052412,0.660989076057301,0,0.0196078431372549,TRUE,6.1831275026625,0.741658513474923
0.2,0.24,1.2,27,195,10.4778081398218,0.277984708560793,0.159912712494793,0.575257226639219,0,0.0196078431372549,TRUE,5.8755314207304,1.27621577651052
0.2,0.24,1.2,28,194,3.27912808258458,0.0805885498972917,0.42517830204076,5.27591453851248,0.04,0.0588235294117647,FALSE,6.65716590566609,0.76594895578572
0.2,0.24,1.2,29,216,15.045814234937,0.309220698563967,0.333885947303201,1.07976583991234,0,0.0196078431372549,TRUE,6.50132932224636,0.910611493205345
0.2,0.24,1.2,30,236,2.86806505868716,0.152004944442275,0.0290970263192121,0.191421577935985,0.14,0.156862745098039,FALSE,9.10969270234423,1.22081985092693
0.3,0.36,1.2,1,279,22.0254839597303,0.288000457183231,0.509416097633658,1.7688030866894,0,0.0196078431372549,TRUE,8.87337463185264,1.11798845609588
0.3,0.36,1.2,2,183,19.6594308833744,0.37674536989385,0.229928312350752,0.610301627371123,0,0.0196078431372549,TRUE,5.88426508416569,0.634212343185467
0.3,0.36,1.2,3,252,26.2778168994342,0.301333537296427,0.632307704072034,2.0983648542579,0,0.0196078431372549,TRUE,8.85480995804693,0.941215643688532
0.3,0.36,1.2,4,227,14.6210514176457,0.322182426435823,0.336849144053648,1.04552302178637,0,0.0196078431372549,TRUE,5.62641831405631,0.901041766040663
0.3,0.36,1.2,5,256,16.4780929176212,0.313750009609593,0.24292764480095,0.774271354137107,0,0.0196078431372549,TRUE,6.89522098176496,0.781526378549812
0.3,0.36,1.2,6,247,7.5168271893242,0.29369635470304,0.0856321170077127,0.291566836416122,0.06,0.0784313725490196,FALSE,8.71666965976635,1.50069269208083
0.3,0.36,1.2,7,291,13.6838407047966,0.286053812072041,0.234148190714662,0.818545954757957,0,0.0196078431372549,TRUE,7.35870443240503,1.18333000492477
0.3,0.36,1.2,8,237,9.44234022759986,0.189577227820881,0.256260719810851,1.3517484286297,0,0.0196078431372549,TRUE,7.13163142159323,1.10384171787844
0.3,0.36,1.2,9,163,20.5253710980345,0.338632203481954,0.46733706011168,1.38007270220118,0,0.0196078431372549,TRUE,6.47402082433115,1.06938227836088
0.3,0.36,1.2,10,186,8.95826590555544,0.290770434487496,0.0648247031322348,0.222941177793723,0,0.0196078431372549,TRUE,7.49396743795648,0.89237147893378
0.3,0.36,1.2,11,247,37.678166597352,0.399002070245785,0.459361248942312,1.15127535217886,0,0.0196078431372549,TRUE,5.75921370496289,1.13393363482708
0.3,0.36,1.2,12,326,5.2049090040337,0.185238481624041,0.153385122825368,0.82804135231835,0,0.0196078431372549,TRUE,4.25623057969322,0.907701551644364
0.3,0.36,1.2,13,243,5.50703020991074,0.194477518779411,0.0880342437259139,0.452670541450953,0.06,0.0784313725490196,FALSE,7.60640906098035,1.56128997722396
0.3,0.36,1.2,14,206,19.0358026688072,0.32923941279795,0.379841928832151,1.15369519585814,0,0.0196078431372549,TRUE,8.40041431972901,1.09606798731312
0.3,0.36,1.2,15,203,11.6663740001578,0.244393610447008,0.256699589352574,1.05035311227269,0,0.0196078431372549,TRUE,4.89267752055144,0.564620432915092
0.3,0.36,1.2,16,232,8.53704701390055,0.162184685605383,0.473306048095827,2.91831529178682,0,0.0196078431372549,TRUE,5.03998904775113,1.08301234940252
0.3,0.36,1.2,17,190,4.89973139752328,0.127857470689758,0.33826029978197,2.64560449973821,0,0.0196078431372549,TRUE,4.40478935083991,0.791485014512172
0.3,0.36,1.2,18,219,13.3411188228174,0.291915389929328,0.167329722128493,0.57321308811092,0,0.0196078431372549,TRUE,7.90182822224114,0.953106717597653
0.3,0.36,1.2,19,252,21.9511050790742,0.384175579289406,0.273459342548193,0.711808238967191,0,0.0196078431372549,TRUE,6.67964153392307,1.27344579257774
0.3,0.36,1.2,20,212,37.6198315865899,0.409204372303431,0.508381742979554,1.24236635136093,0,0.0196078431372549,TRUE,6.4106265371322,0.837404391572217
0.3,0.36,1.2,21,184,30.9560160608138,0.352787290368915,0.617504677822721,1.75035976261216,0,0.0196078431372549,TRUE,4.69924498007879,0.678409920852715
0.3,0.36,1.2,22,174,15.8362928665385,0.281375853205886,0.38679760995156,1.37466525838852,0,0.0196078431372549,TRUE,4.3986122798396,0.685487096438499
0.3,0.36,1.2,23,226,12.7887981182931,0.251377981815771,0.33534286582633,1.33401845063779,0,0.0196078431372549,TRUE,5.93357797052556,0.82419638778045
0.3,0.36,1.2,24,229,14.0755038751352,0.281852263477185,0.245936524740117,0.872572466532719,0,0.0196078431372549,TRUE,9.36197002854527,0.884456984039988
0.3,0.36,1.2,25,251,16.3922240592589,0.13663593523636,1.62585622239883,11.8991846441153,0,0.0196078431372549,TRUE,6.43819208801293,0.974699671141509
0.3,0.36,1.2,26,275,18.3517779251345,0.189410049657602,0.774589392889951,4.08948413397379,0,0.0196078431372549,TRUE,4.1710650884047,0.862020571388348
0.3,0.36,1.2,27,238,30.1439926657304,0.389878673993085,0.449639183005934,1.15327975854845,0,0.0196078431372549,TRUE,11.6555381746514,1.48763283910712
0.3,0.36,1.2,28,260,26.6352834852283,0.34818309264729,0.447811405071399,1.2861377089468,0,0.0196078431372549,TRUE,11.2999273601642,1.11940537944528
0.3,0.36,1.2,29,217,13.5667988808128,0.27667229775702,0.351784031781342,1.27148266968992,0,0.0196078431372549,TRUE,8.46632742220652,1.1912240035812
0.3,0.36,1.2,30,267,13.437234559306,0.276495109543278,0.331586626432505,1.19924951649318,0,0.0196078431372549,TRUE,8.30709949783187,0.80659245116696
0.4,0.48,1.2,1,290,39.0524486023521,0.393858716928461,0.511119691611036,1.29772344661315,0,0.0196078431372549,TRUE,7.5737038149087,0.910417562393337
0.4,0.48,1.2,2,282,32.6404781664694,0.41646889899292,0.363929963050596,0.873846676019816,0,0.0196078431372549,TRUE,5.93036949867729,0.915734130414422
0.4,0.48,1.2,3,301,50.5409259101677,0.512135968192071,0.405619216399566,0.792014702328899,0,0.0196078431372549,TRUE,8.64668717458522,1.51565830420705
0.4,0.48,1.2,4,296,40.1314931198995,0.392362592488664,0.62760987385893,1.5995660286526,0,0.0196078431372549,TRUE,10.2041420697443,1.26746735764006
0.4,0.48,1.2,5,267,21.1573950028828,0.287565195172978,0.391341559048389,1.36087943053396,0,0.0196078431372549,TRUE,3.52980787385175,0.626777865588052
0.4,0.48,1.2,6,276,39.4979824908161,0.347966175470382,0.87330250025347,2.50973388167093,0,0.0196078431372549,TRUE,6.32721150174439,0.766584445563689
0.4,0.48,1.2,7,435,42.4257888593207,0.390224879012187,0.497122342519532,1.27393810404386,0,0.0196078431372549,TRUE,7.63948740388157,0.774400627401642
0.4,0.48,1.2,8,287,30.9424938039587,0.368874079510142,0.365771060839292,0.9915878646855,0,0.0196078431372549,TRUE,5.01035882599103,0.967612293007518
0.4,0.48,1.2,9,350,31.54755227712,0.332572573703783,0.369199620336035,1.11013249296039,0,0.0196078431372549,TRUE,8.03144506362116,1.11418820485064
0.4,0.48,1.2,10,251,70.9022375758711,0.436410343882187,0.964383516190589,2.20980902425844,0,0.0196078431372549,TRUE,8.7234573924685,0.845191495934851
0.4,0.48,1.2,11,338,53.7106724004169,0.419448324893133,0.406511206552882,0.969156824398936,0,0.0196078431372549,TRUE,13.6899622821547,1.47979481912426
0.4,0.48,1.2,12,228,24.1215193484612,0.316521297820963,0.296552723179908,0.936912382267719,0,0.0196078431372549,TRUE,9.67801983413918,0.997621240702936
0.4,0.48,1.2,13,271,49.4424457871716,0.417243339424608,0.652557239974529,1.56397281469951,0,0.0196078431372549,TRUE,10.0826935271487,1.18977384386505
0.4,0.48,1.2,14,326,21.9066745748268,0.333185092421992,0.458101568425844,1.37491616175204,0,0.0196078431372549,TRUE,5.96127736453911,0.935139124214756
0.4,0.48,1.2,15,225,40.4725815193579,0.426457826768054,0.457812528644286,1.07352356999485,0,0.0196078431372549,TRUE,6.59433697607761,1.2144780222403
0.4,0.48,1.2,16,311,39.1170243362143,0.449333501932717,0.449644777103088,1.00069274863555,0,0.0196078431372549,TRUE,4.30162187305328,0.63787272205255
0.4,0.48,1.2,17,358,35.6163160000386,0.436964866190362,0.344950959397057,0.789424931126568,0,0.0196078431372549,TRUE,7.6570815814664,0.789607429624639
0.4,0.48,1.2,18,297,18.0721391886479,0.30012054328176,0.172983785643018,0.576381022610026,0,0.0196078431372549,TRUE,11.1212528054114,1.71670606610314
0.4,0.48,1.2,19,278,60.7322071071461,0.494849277534064,0.681335197455072,1.37685398036813,0,0.0196078431372549,TRUE,6.53972285746164,0.811653394849176
0.4,0.48,1.2,20,296,37.9944718189262,0.393868527653855,0.553624135901209,1.40560643217412,0,0.0196078431372549,TRUE,8.54627787045919,1.45989537314135
0.4,0.48,1.2,21,268,19.1989324983205,0.304428592723654,0.379339564162992,1.24607074772158,0,0.0196078431372549,TRUE,13.8359584533113,1.34456045800717
0.4,0.48,1.2,22,326,42.2296215503218,0.490099944108121,0.344197212493812,0.702300044371926,0,0.0196078431372549,TRUE,6.07549192773848,0.725317864617293
0.4,0.48,1.2,23,267,24.8276595978412,0.348737810425243,0.471539404345251,1.3521315734886,0,0.0196078431372549,TRUE,7.67790842094453,1.13959177669762
0.4,0.48,1.2,24,249,28.5067185008964,0.416918279287321,0.378999296827892,0.909049364483977,0,0.0196078431372549,TRUE,9.73453478432805,1.38734280666141
0.4,0.48,1.2,25,290,51.4781721991819,0.451374929995629,0.669129433660806,1.48242489601114,0,0.0196078431372549,TRUE,5.278699924036,0.949967756021786
0.4,0.48,1.2,26,218,16.4867891050172,0.294089135302272,0.424722632140727,1.44419694969073,0,0.0196078431372549,TRUE,7.25825806481436,0.461300360466607
0.4,0.48,1.2,27,196,18.6590357282647,0.3783032653285,0.346800111856221,0.916725134674894,0,0.0196078431372549,TRUE,11.6215755792638,1.62462263715036
0.4,0.48,1.2,28,273,33.6312123883258,0.404673755843742,0.450168548154233,1.11242338217766,0,0.0196078431372549,TRUE,7.32108592308776,1.32878686312908
0.4,0.48,1.2,29,299,20.9859772824498,0.355994558643748,0.283712646851689,0.796957818491846,0,0.0196078431372549,TRUE,8.11670905778402,1.49132114809883
0.4,0.48,1.2,30,267,37.8444193916986,0.388686610021824,0.607159307572067,1.56207929966503,0,0.0196078431372549,TRUE,7.95053940545012,0.922083669952834
0.5,0.6,1.2,1,369,47.0472209352573,0.397772850998783,0.693012327131662,1.74223133979997,0,0.0196078431372549,TRUE,4.75463227737535,0.931577405220232
0.5,0.6,1.2,2,369,69.5859603423896,0.516348183604954,0.487366171756114,0.943871184659742,0,0.0196078431372549,TRUE,6.70130285558986,0.870415078699645
0.5,0.6,1.2,3,357,69.2341888562925,0.595436154466457,0.371265597804767,0.623518734997611,0,0.0196078431372549,TRUE,4.99040075791905,0.883987346903733
0.5,0.6,1.2,4,305,41.0617735575359,0.403886107685348,0.662942556558044,1.64140965471018,0,0.0196078431372549,TRUE,4.65388868701288,0.919176511778679
0.5,0.6,1.2,5,385,69.0771701220967,0.4811553650186,0.69106486680807,1.43626137636719,0,0.0196078431372549,TRUE,6.24588519095468,0.826137196450425
0.5,0.6,1.2,6,371,130.436344730589,0.559362403071787,0.680380532468752,1.21635013138599,0,0.0196078431372549,TRUE,5.63490150291433,0.776495595802933
0.5,0.6,1.2,7,405,81.7516555421208,0.516488502541334,0.630161319443387,1.22008779739091,0,0.0196078431372549,TRUE,8.34974052009505,1.22983588817075
0.5,0.6,1.2,8,357,54.8653475426703,0.401370301235997,0.604622876149749,1.50639664740477,0,0.0196078431372549,TRUE,9.00800422441321,1.35581985743478
0.5,0.6,1.2,9,237,66.3951359062868,0.530924173365629,0.544534984889418,1.0256360742392,0,0.0196078431372549,TRUE,4.38229244326345,0.924745714413829
0.5,0.6,1.2,10,280,55.5975016695163,0.479729069986047,0.495746590651634,1.03338868054432,0,0.0196078431372549,TRUE,7.12916722927497,0.800558424232479
0.5,0.6,1.2,11,442,50.4573639429894,0.417930488819967,0.40865740742978,0.977811904997959,0,0.0196078431372549,TRUE,4.67386961756608,0.561132295322738
0.5,0.6,1.2,12,297,72.1683266850267,0.448139694291243,0.849723191196673,1.89611231056101,0,0.0196078431372549,TRUE,6.86081832443398,0.947871385114698
0.5,0.6,1.2,13,383,112.18501916987,0.594381852087156,0.707298405916886,1.18997308453013,0,0.0196078431372549,TRUE,15.5871114421345,1.33848108889331
0.5,0.6,1.2,14,338,98.4701838530341,0.594770543485074,0.652332929460334,1.09678082851577,0,0.0196078431372549,TRUE,6.19687134379652,0.991283126438346
0.5,0.6,1.2,15,358,84.2451316030335,0.555875294239464,0.541911093056179,0.974878895809911,0,0.0196078431372549,TRUE,6.41855964113756,0.971131934106783
0.5,0.6,1.2,16,405,77.624544204474,0.538167021918302,0.418132771248676,0.776957253453096,0,0.0196078431372549,TRUE,11.5997613246284,0.871183182272925
0.5,0.6,1.2,17,234,74.7810324050547,0.532371043959114,0.813372195126035,1.52782951731782,0,0.0196078431372549,TRUE,8.55704115698325,0.898116144893145
0.5,0.6,1.2,18,224,22.3599397311004,0.322289125333041,0.468305519056188,1.45306025629087,0,0.0196078431372549,TRUE,12.0796784557143,0.953274923689043
0.5,0.6,1.2,19,354,82.4879415556533,0.613728287560949,0.623673632453988,1.01620480120374,0,0.0196078431372549,TRUE,9.22952591084353,1.35264665550648
0.5,0.6,1.2,20,339,119.729878916221,0.610538810498378,0.778308463840551,1.27478949815692,0,0.0196078431372549,TRUE,5.09534723182861,0.669987336546809
0.5,0.6,1.2,21,414,90.7012673028165,0.548385947333117,0.627066628921232,1.14347683774676,0,0.0196078431372549,TRUE,10.1379779266215,1.04285236970755
0.5,0.6,1.2,22,407,77.708383863777,0.468445421813335,0.629576238625005,1.34396924232483,0,0.0196078431372549,TRUE,4.06496133887988,0.712200940999917
0.5,0.6,1.2,23,269,75.7641793564871,0.591340076202936,0.302306469649191,0.51122269877316,0,0.0196078431372549,TRUE,5.58920775527946,1.0893566942965
0.5,0.6,1.2,24,341,58.3134249762844,0.453889225253438,0.533203773341567,1.17474428489428,0,0.0196078431372549,TRUE,8.69684914413304,0.75775222945897
0.5,0.6,1.2,25,333,38.3578110223284,0.365482699657411,0.532638492597879,1.45735623901529,0,0.0196078431372549,TRUE,12.5506456708403,1.53813093099709
0.5,0.6,1.2,26,270,62.6013139044604,0.500097582151351,0.667026633218976,1.33379295766542,0,0.0196078431372549,TRUE,6.15695230275446,0.971151653034899
0.5,0.6,1.2,27,327,50.7708574516999,0.457060715609896,0.437171458874809,0.95648443181439,0,0.0196078431372549,TRUE,10.6341044363944,1.43770136677132
0.5,0.6,1.2,28,435,118.594683398032,0.602602267242948,0.794599169461622,1.3186129768431,0,0.0196078431372549,TRUE,4.35884627584795,0.967419704969421
0.5,0.6,1.2,29,208,46.0274437264652,0.452550250066216,0.70540733180823,1.55873813284827,0,0.0196078431372549,TRUE,8.33943181845359,1.32399595372861
0.5,0.6,1.2,30,299,101.525875715067,0.531295515799082,0.881256561652219,1.65869376918566,0,0.0196078431372549,TRUE,5.4707197291703,0.833337051980911
