"index","event_time","delta_t","usual_increment","corrected_increment","corrected_positive"
1,0.0725703511243305,0.0725703511243305,0.0621705512138734,0.0618860129278111,TRUE
2,1.20277909263737,1.13020874151303,1.16794260741507,1.16351121562462,TRUE
3,5.87931777474196,4.6765386821046,4.33845075433593,4.32011469448925,TRUE
4,7.54791161032919,1.66859383558723,1.66234230767139,1.65579998256539,TRUE
5,7.83892200940368,0.291010399074487,0.339587119123317,0.338446107692394,TRUE
6,10.3658910924716,2.52696908306795,2.62048202650268,2.61057413105104,TRUE
7,13.1164550575948,2.75056396512318,2.63451511011202,2.62373053012562,TRUE
8,15.3834384833279,2.26698342573313,2.20126190044976,2.19237337271776,TRUE
9,16.5616798358163,1.17824135248833,1.2260424297248,1.22142270872565,TRUE
10,17.1491883468149,0.58750851099861,0.674383505394399,0.672079965971251,TRUE
11,17.9040650835465,0.7548767367316,0.905398626543366,0.902438859509996,TRUE
12,18.8009507450162,0.896885661469721,1.05937042785633,1.05585386351629,TRUE
13,20.9225969442134,2.1216461991972,2.19891646836271,2.19059778774732,TRUE
14,21.0149488124134,0.0923518681999731,0.110891156508792,0.110529057636661,TRUE
15,21.207751661391,0.192802848977639,0.277021814262493,0.276265861020624,TRUE
16,21.2724720283487,0.0647203669576903,0.107753149600732,0.107499390014315,TRUE
17,21.3752772435507,0.102805215202029,0.194613081110294,0.194209996113754,TRUE
18,22.0220940690848,0.646816825534064,1.13433380608402,1.13179772698171,TRUE
19,22.9278543574542,0.905760288369432,1.27635983479539,1.27280847427359,TRUE
20,22.9992765304236,0.0714221729694131,0.104126679557908,0.103846643119215,TRUE
21,23.1292602968813,0.129983766457674,0.219702311887687,0.219192663559537,TRUE
22,24.8325504504419,1.70329015356054,2.24239123707493,2.23571287251623,TRUE
23,25.4314982699797,0.598947819537816,0.709326523564926,0.706978132198869,TRUE
24,25.4424384581933,0.010940188213624,0.0153313624037388,0.0152884674424319,TRUE
25,25.6330969186021,0.190658460408844,0.310821866310228,0.310074320918652,TRUE
26,26.7689700238448,1.13587310524268,1.59445470670425,1.59000110572889,TRUE
27,31.3309803722206,4.56201034837573,4.37865319314876,4.36076618302115,TRUE
28,32.5639017473146,1.23292137509406,1.26520231652317,1.26036820273587,TRUE
29,33.3430303942934,0.779128646978805,0.867743550019348,0.86468869460803,TRUE
30,33.4487229746616,0.105692580368199,0.13812825583215,0.13771384987708,TRUE
31,33.8043721370564,0.355649162394791,0.520346070348658,0.518951619287867,TRUE
32,35.4412415184913,1.63686938143486,1.97469088693525,1.9682729490159,TRUE
33,36.122975714201,0.681734195709751,0.785309420479898,0.782636435209853,TRUE
34,36.4607730299923,0.337797315791249,0.431932367204411,0.430607910759284,TRUE
35,36.5197073363635,0.0589343063712775,0.0884147106545328,0.0881836374095319,TRUE
36,36.7110776568065,0.191370320442985,0.32548918126642,0.324738844770338,TRUE
37,37.4003798121623,0.689302155355733,1.09109800732784,1.0883953491372,TRUE
38,37.5679753902289,0.167595578066667,0.263064512734047,0.262407393706843,TRUE
39,38.0363938962506,0.468418506021656,0.74654584417177,0.744709240148249,TRUE
40,38.2792366248606,0.24284272861005,0.391226980298605,0.39027482762591,TRUE
41,38.8850731542389,0.605836529378223,0.935614750186119,0.933239349143786,TRUE
42,41.1188317192198,2.23375856498092,2.5168908257309,2.50813256807183,TRUE
43,41.4943660671346,0.375534347914872,0.435372706403122,0.433900288286663,TRUE
44,43.2835803302161,1.78921426308145,1.94232623946363,1.93531097838347,TRUE
45,44.1466764575123,0.863096127296167,0.946895639110998,0.943511558850079,TRUE
46,44.6501314622964,0.503455004784122,0.604781639154027,0.602807661876097,TRUE
47,44.8225744345825,0.172442972286092,0.237196231383741,0.236520106395815,TRUE
48,44.9139283158883,0.091353881305821,0.146739485809135,0.146381299905262,TRUE
49,45.1607115385405,0.246783222652184,0.431799817141766,0.430832214338217,TRUE
50,46.8624742795625,1.70176274102197,2.2379423343402,2.23126995855431,TRUE
51,48.888463527581,2.0259892480185,2.08134690299705,2.07340328002596,TRUE
52,49.9909098182657,1.1024462906847,1.16521688395459,1.16089434488502,TRUE
53,51.0198058574038,1.02889603913816,1.12765262193425,1.12361846320445,TRUE
54,52.0899525380293,1.07014668062546,1.18257160271649,1.17837570594015,TRUE
55,54.5197463041571,2.42979376612779,2.42754458078481,2.41801769627912,TRUE
56,55.4080685180797,0.888322213922642,0.9500308852977,0.946547897048303,TRUE
57,56.2786649341139,0.870596416034211,0.983509915245534,0.980096427392265,TRUE
58,56.8771499361307,0.598485002016744,0.715980206758267,0.713633630035549,TRUE
59,57.6729121821058,0.795762245975119,0.964671248135808,0.961551174688803,TRUE
60,57.7106183076851,0.0377061255792839,0.0520663209137382,0.0519184804226815,TRUE
61,57.8315158511647,0.120897543479643,0.197795557287776,0.197321534780266,TRUE
62,58.0342255585172,0.202709707352447,0.362037864428572,0.36124306776844,TRUE
63,59.3179104934628,1.2836849349456,1.84052194322913,1.8354887925612,TRUE
64,59.9244563816886,0.60654588822586,0.76104035718518,0.758662174845147,TRUE
65,60.0027833954547,0.0783270137660352,0.111515702254366,0.111208592892153,TRUE
66,63.3840701527743,3.38128675731966,3.59298625168719,3.57972869507203,TRUE
67,63.4946362848844,0.110566132110108,0.129892865623162,0.12945935114735,TRUE
68,64.4700148460498,0.975378561165371,1.19044688639062,1.18662256227263,TRUE
69,67.005319875468,2.53530502941818,2.57367731771652,2.56373673817488,TRUE
70,68.9299497221098,1.92462984664185,1.90709203567408,1.89954582886395,TRUE
71,71.2448926343092,2.31494291219933,2.25941732608612,2.25034075585649,TRUE
72,71.497999034082,0.253106399772861,0.292450159485739,0.291457764381306,TRUE
73,71.6400411554064,0.142042121324394,0.197456720518574,0.196899793052685,TRUE
74,71.8387872981781,0.198746142771697,0.313985968587119,0.313206712514224,TRUE
75,71.9516098409302,0.112822542752085,0.198344591700376,0.197902230151252,TRUE
76,72.2075435455438,0.255933704613582,0.475611787961284,0.474608307386531,TRUE
77,72.3246190006917,0.117075455147912,0.228909722961674,0.228450686332643,TRUE
78,72.5293061169048,0.204687116213108,0.419403231354423,0.418600681548283,TRUE
79,73.6791692022743,1.1498630853695,1.83341044876136,1.82890199501339,TRUE
80,74.7381491101442,1.05897990786994,1.30036592408592,1.29621381067747,TRUE
81,75.7415235778364,1.00337446769215,1.15267131349702,1.14873722131072,TRUE
82,76.1791719351195,0.437648357283067,0.535790062236487,0.53407410370039,TRUE
83,76.2543236280783,0.0751516929588263,0.107757996954504,0.10746333758497,TRUE
84,76.9616793651151,0.707355737036849,1.02111459432322,1.01834115054164,TRUE
85,77.0120480761663,0.050368711051135,0.0771109201570113,0.0769134314237805,TRUE
86,77.6704507120753,0.658402635909027,1.00694736814314,1.00436586268454,TRUE
87,78.0703612025369,0.399910490461608,0.584114508487929,0.582546514895899,TRUE
88,78.0954271368164,0.0250659342794819,0.0410833561562356,0.0409850761029089,TRUE
89,79.0005155033301,0.905088366513667,1.37527071619262,1.37172199018326,TRUE
90,79.1684880572513,0.167972553921231,0.248396001830713,0.247737404733444,TRUE
91,80.0840551266089,0.915567069357635,1.27238546624622,1.26879565469572,TRUE
92,80.4331517311105,0.349096604501597,0.473824434388945,0.472455674999248,TRUE
93,81.0032924683643,0.570140737253723,0.786955997316667,0.784720554526615,TRUE
94,82.5241111800488,1.52081871168453,1.7775251403489,1.77156222101711,TRUE
95,84.1202253063614,1.59611412631267,1.67097581141319,1.66471766919912,TRUE
96,84.1869788764513,0.0667535700898867,0.0820363805227373,0.0817746490287092,TRUE
97,84.4966881638736,0.309709287422223,0.441514228288952,0.440299901109113,TRUE
98,85.6900886287235,1.19340046484997,1.52041544987891,1.51573629210175,TRUE
99,85.7279059190692,0.0378172903456999,0.0512615806157442,0.0511133042630495,TRUE
100,86.0278609484735,0.299955029404273,0.461228241902631,0.460052159816212,TRUE
101,86.2851232029992,0.257262254525727,0.416762244910771,0.415753555275994,TRUE
102,86.8153117937183,0.530188590719078,0.834686565914993,0.832607769952789,TRUE
103,86.910122542107,0.0948107483887384,0.156056837218202,0.155685097417734,TRUE
104,87.4658798672019,0.555757325094845,0.907717969975536,0.905538922550533,TRUE
105,92.316841500001,4.85096163279916,4.86287893551055,4.8438589874551,TRUE
106,94.2910361207807,1.97419462077963,1.93567790590197,1.92793736248379,TRUE
107,94.4441549143299,0.153118793549226,0.180828141771627,0.180227784209545,TRUE
108,95.9894742655672,1.54531935123734,1.75459380499571,1.74853482205284,TRUE
109,96.6417457674676,0.652271501900387,0.747423827572405,0.744866361440264,TRUE
110,96.8551031362107,0.21335736874309,0.279521048699465,0.278684504035144,TRUE
111,97.0114599873326,0.156356851121927,0.236844042956164,0.236230989419244,TRUE
112,97.0225276448037,0.0110676574710169,0.0196327385377089,0.0195893437871153,TRUE
113,98.9031592546454,1.88063160984177,2.52037510882022,2.51300141299694,TRUE
114,98.9408159781097,0.0376567234642948,0.048819783144296,0.0486721363520834,TRUE
115,99.1395947476906,0.198778769580869,0.303680284801814,0.302900900803724,TRUE
116,99.4309746669675,0.291379919276878,0.47483011522786,0.473687654959451,TRUE
117,99.4692708708651,0.038296203897616,0.0690794334595068,0.0689292793531687,TRUE
118,100.209503167522,0.740232296656885,1.24322128345665,1.2403189352426,TRUE
119,101.297437903296,1.08793473577437,1.43194632766217,1.42768068638762,TRUE
120,101.334906830271,0.0374689269749666,0.0520864536333221,0.0519395431651092,TRUE
121,104.008682855539,2.6737760252673,2.95645210597679,2.94596860085718,TRUE
122,105.373115466707,1.36443261116864,1.4064937333483,1.40114398223625,TRUE
123,106.300551734565,0.927436267857772,1.0127605049081,1.00912415587575,TRUE
124,107.930916531635,1.63036479707007,1.71620012742758,1.70980769308177,TRUE
125,107.949835001677,0.0189184700422231,0.0234598694983248,0.0233856928000267,TRUE
126,107.992018680843,0.0421836791655608,0.0651345773970462,0.0649691810391175,TRUE
127,110.450893671005,2.45887499016229,2.87972966208218,2.87008875412869,TRUE
128,112.424810048614,1.97391637760867,1.97018121378755,1.96244176132228,TRUE
129,112.738468453041,0.313658404426718,0.362414874850401,0.361185063730269,TRUE
130,113.097890434028,0.359421980987292,0.474039104804433,0.47262986104498,TRUE
131,113.689809886732,0.591919452704062,0.799382852017317,0.797062017903247,TRUE
132,114.134919578664,0.445109691931734,0.608667743136209,0.606922529741348,TRUE
133,114.309311754132,0.174392175468157,0.260962039916762,0.260278272373384,TRUE
134,114.365881951176,0.0565701970444223,0.097662257393921,0.0974404534938454,TRUE
135,114.526090592098,0.160208640921638,0.306905546869757,0.30627739099902,TRUE
136,114.717345337352,0.191254745253801,0.382912890293426,0.382163006951638,TRUE
137,114.816149507576,0.0988041702246107,0.209608691801122,0.209221294347259,TRUE
138,114.937495822874,0.12134631529733,0.27491338245639,0.274437600376798,TRUE
139,115.013152040582,0.0756562177081861,0.182814869899772,0.18251823235864,TRUE
140,115.021244240904,0.00809220032174096,0.0215465105922021,0.0215147821965923,TRUE
141,115.366930320378,0.345686079473978,0.894555564725351,0.893200177531474,TRUE
142,116.4715633571,1.10463303672256,1.98564121766475,1.98131010466712,TRUE
143,118.825065574215,2.35350221711458,2.60970285300806,2.60047509708947,TRUE
144,118.978155659665,0.153090085450742,0.182725637570769,0.182125392569162,TRUE
145,119.462564672015,0.484409012349673,0.646132978210886,0.644233677628876,TRUE
146,122.360649059344,2.89808438732943,3.01870360106489,3.00734061395432,TRUE
147,125.083869578466,2.72322051912141,2.60520785682601,2.59453048670067,TRUE
148,125.596426919513,0.51255734104744,0.568014979524179,0.566005313247652,TRUE
149,128.447281289687,2.85085437017396,2.84371665118681,2.83253884642584,TRUE
150,128.475574329438,0.0282930397511052,0.0337431642231252,0.0336322311366298,TRUE
151,129.620947857912,1.14537352847353,1.3854270119121,1.38093616109432,TRUE
152,129.763411419703,0.142463561791203,0.185811887547061,0.185253307671528,TRUE
153,131.001572847405,1.23816142770164,1.52974595275268,1.52489129344556,TRUE
154,131.589944287758,0.588371440353484,0.708616719867877,0.70630979701836,TRUE
155,132.286395989959,0.696451702200704,0.860741450518987,0.858010759946333,TRUE
156,133.406081771272,1.11968578131291,1.30439344974465,1.3000033170223,TRUE
157,133.884564588718,0.478482817446036,0.580124749099951,0.578248684306588,TRUE
158,136.865175612027,2.98061102330891,3.02102269991263,3.00933613730337,TRUE
159,137.634135039724,0.768959427697439,0.828923203092131,0.825908219779819,TRUE
160,137.762360091469,0.128225051744522,0.164381109427325,0.163878356775748,TRUE
161,138.678143666858,0.915783575388957,1.18040758372027,1.17681692327963,TRUE
162,139.569842623411,0.891698956553455,1.06804223964656,1.06454601165744,TRUE
163,139.731675592627,0.161832969215567,0.214158209856123,0.213523685219332,TRUE
164,139.88584515782,0.154169565193598,0.237198309403738,0.23659383191171,TRUE
165,140.028892133936,0.143046976116096,0.246659284595637,0.246098417233417,TRUE
166,140.332852025262,0.303959891325633,0.544693996595697,0.543502212000893,TRUE
167,141.405905289999,1.0730532647371,1.57506338169952,1.57085608860983,TRUE
168,142.003104079719,0.597198789720039,0.77482199380276,0.772480460140145,TRUE
169,142.179765399222,0.176661319502415,0.250687586545723,0.249994922003166,TRUE
170,142.913932482718,0.734167083496544,1.03089204891603,1.02801348156194,TRUE
171,144.483804665194,1.56987218247565,1.80779656289209,1.80164131170179,TRUE
172,144.991835339386,0.508030674192156,0.595377387454931,0.593385469611595,TRUE
173,145.562414784182,0.570579444795669,0.716094363148812,0.713857200247307,TRUE
174,145.751468774782,0.189053990600229,0.263483954402716,0.262742699914826,TRUE
175,145.801705036148,0.0502362613662797,0.0821889745185729,0.0819920051021944,TRUE
176,146.495979762257,0.694274726108773,1.10071562771634,1.09799347276514,TRUE
177,146.783001302619,0.287021540361764,0.436731718622241,0.43560634695334,TRUE
178,146.853887732501,0.0708864298824778,0.120559070345536,0.120281134481214,TRUE
179,147.741632352937,0.887744620435797,1.37439496651899,1.37091424293358,TRUE
180,147.838460529758,0.0968281768206509,0.147662673454192,0.147283023596527,TRUE
181,147.8844287673,0.0459682375419277,0.082103554611507,0.0819233195248519,TRUE
182,149.505242378807,1.62081361150749,2.2546875801595,2.24833259468816,TRUE
183,150.288735159449,0.783492780642177,0.920679708638517,0.917607742064121,TRUE
184,153.102720252102,2.81398509265298,2.81860545606827,2.80757221063314,TRUE
185,153.631384583488,0.528664331385642,0.586303062905927,0.584230243353255,TRUE
186,153.632048258867,0.000663675378859807,0.000904080974152066,0.000901478794999329,TRUE
187,153.779437121932,0.147388863065089,0.238420693774714,0.237842802475699,TRUE
188,153.868683076683,0.0892459547511351,0.162744835943045,0.162394914926962,TRUE
189,154.42693137938,0.558248302697478,0.980197375018605,0.978008560815755,TRUE
190,154.515280026324,0.0883486469440697,0.155476116561118,0.15512971376455,TRUE
191,154.698498301811,0.183218275486183,0.350859883509457,0.350141510051503,TRUE
192,154.798658260819,0.100159959008778,0.205547377990342,0.205154664676614,TRUE
193,155.30955083609,0.510892575270304,0.988332032981759,0.986328894021052,TRUE
194,155.49979569064,0.19024485455023,0.349976325414104,0.349230401713761,TRUE
195,155.771569604997,0.271773914356828,0.510039725569158,0.508974137727987,TRUE
196,156.286393567354,0.514823962356985,0.893922682227696,0.891904128843245,TRUE
197,156.660731545148,0.374337977794369,0.608227921495882,0.606760194180808,TRUE
198,156.801042414361,0.14031086921284,0.240324840306045,0.239774700839676,TRUE
199,157.240860885381,0.439818471020061,0.754574600632537,0.752850133381329,TRUE
200,157.318675818292,0.077814932910826,0.139000959342553,0.138695857778382,TRUE
201,157.563443283408,0.244767465115814,0.466085318188078,0.465125618890378,TRUE
202,157.888595460312,0.325152176904652,0.607018819723066,0.605743943114472,TRUE
203,158.781052445227,0.892456984914816,1.38804813379676,1.38454893368352,TRUE
204,159.434778731687,0.653726286460255,0.880035223786308,0.87747205364559,TRUE
205,160.382599793377,0.947821061690007,1.17407543911187,1.17035916412893,TRUE
206,162.796036105912,2.41343631253491,2.47667028207397,2.46720753287612,TRUE
207,163.006558231655,0.210522125742557,0.24601674568504,0.245191317615464,TRUE
208,163.064804134476,0.058245902821028,0.0836162925216684,0.083387918411552,TRUE
209,164.162864396862,1.09806026238576,1.47487065024865,1.47056530818799,TRUE
210,165.518157377782,1.35529298092001,1.52927701848381,1.5239631025949,TRUE
211,165.570962072482,0.0528046947005691,0.0673389154243864,0.0671318755369756,TRUE
212,166.352420594198,0.781458521715336,1.03737239699856,1.0343084064714,TRUE
213,166.405495846686,0.0530752524885543,0.0766730203617101,0.076464919654721,TRUE
214,169.57871739311,3.17322154642426,3.43446561266464,3.42202385089655,TRUE
215,171.655028272736,2.0763108796256,2.03806823789495,2.02992731078259,TRUE
216,172.009515010167,0.354486737430847,0.40532368213951,0.403933788785852,TRUE
217,173.058184272437,1.04866926226967,1.22626362006091,1.22215193326444,TRUE
218,176.314888893603,3.25670462116688,3.17466271026927,3.16189362293869,TRUE
219,176.445887801112,0.130998907508683,0.152800299592769,0.152286671037291,TRUE
220,176.510457012704,0.0645692115922145,0.0933039531523434,0.093050786225159,TRUE
221,176.53630450036,0.0258474876559092,0.0448311922887399,0.0447298478729739,TRUE
222,176.72693956953,0.190635069169929,0.365681498848431,0.364934045170661,TRUE
223,176.885429135453,0.158489565923219,0.318549349551887,0.317927933935897,TRUE
224,177.030461756257,0.145032620803306,0.306460800759453,0.305892147959692,TRUE
225,177.549357285478,0.518895529221567,1.01073404953399,1.00869953210032,TRUE
226,177.846606462965,0.297249177487231,0.53051642892828,0.529350956112105,TRUE
227,179.010203290788,1.16359682782266,1.67628962381085,1.67172732196268,TRUE
228,180.704826382196,1.69462309140775,1.87287728766526,1.86623290545572,TRUE
229,180.951412666723,0.246586284526813,0.296456315154501,0.29548948451804,TRUE
230,181.428356106617,0.476943439894455,0.633394427418438,0.631524398311044,TRUE
231,182.066780212629,0.638424106011513,0.845160569073158,0.842657396660582,TRUE
232,182.095982483116,0.0292022704871613,0.0432160064798666,0.0431015084257052,TRUE
233,182.7101862071,0.614203723984446,0.931281904514321,0.928873696861912,TRUE
234,182.726010054439,0.0158238473384813,0.025601669973355,0.0255396268616593,TRUE
235,184.497881740609,1.77187168617044,2.29919020427016,2.29224294102981,TRUE
236,185.013202250777,0.515320510167527,0.613291526223122,0.611271025943544,TRUE
237,186.008588057345,0.995385806568237,1.17803754137481,1.17413477162127,TRUE
238,186.875345172123,0.866757114777812,1.00606160035065,1.00266316586535,TRUE
239,188.316202591177,1.44085741905457,1.57067587191924,1.56502646973052,TRUE
240,189.04603966245,0.729837071272755,0.823758394111877,0.820896804135429,TRUE
241,189.328193482361,0.282153819910633,0.359723145716885,0.358616859705043,TRUE
242,189.884019989996,0.555826507634947,0.748882618291304,0.746703299611152,TRUE
243,190.863651346417,0.979631356421635,1.2207774040412,1.21693640530259,TRUE
244,190.927176360038,0.0635250136203638,0.0866787685156964,0.0864296957439986,TRUE
245,191.450472834136,0.523296474098544,0.76303501396589,0.760983241037475,TRUE
246,192.003846296509,0.553373462373088,0.77770032879198,0.775530628162225,TRUE
247,192.610307788722,0.606461492212759,0.823398492915885,0.821020641480919,TRUE
248,193.003458168822,0.393150380099513,0.544022931825083,0.542481443688604,TRUE
249,193.101312464713,0.097854295891409,0.151763444435687,0.1513797713074,TRUE
250,193.642354455447,0.541041990733675,0.851104115269123,0.848982764630109,TRUE
251,194.324085953939,0.68173149849278,0.96830613237276,0.965633157678129,TRUE
252,194.354200200526,0.0301142465867201,0.0461120192861415,0.0459939455001244,TRUE
253,194.528053511813,0.173853311286905,0.303732625806077,0.303050971074449,TRUE
254,195.340140445965,0.812086934151807,1.27463768543544,1.27145360514924,TRUE
255,196.818297258023,1.47815681205833,1.77337121608048,1.76757556814274,TRUE
256,197.387519298241,0.569222040217653,0.671187116530461,0.668955275824125,TRUE
257,197.510517310462,0.122998012221132,0.168096139244824,0.167613881090574,TRUE
258,197.677930518781,0.16741320831909,0.264341450686516,0.263685046705809,TRUE
259,200.802980124904,3.12504960612318,3.45756872354875,3.44531583728032,TRUE
260,201.061816526553,0.25883640164912,0.298850625565137,0.297835763917719,TRUE
261,202.8826221474,1.8208056208469,1.98213521618479,1.97499608977046,TRUE
262,203.045920095136,0.163297947735487,0.197418077088827,0.196777808474354,TRUE
263,204.381081088298,1.3351609931627,1.56749290010683,1.56225791895094,TRUE
264,204.393577923626,0.0124968353278234,0.0163110084864968,0.0162620101276589,TRUE
265,205.519155561705,1.12557763807882,1.43543479569595,1.43102156182004,TRUE
266,205.692312519395,0.173156957690338,0.229583166428256,0.228904242002542,TRUE
267,210.702220190608,5.00990767121289,4.9009215941461,4.8812784407093,TRUE
268,212.5814743977,1.87925420709149,1.85090694990444,1.8435386546864,TRUE
269,213.404591558067,0.823117160366792,0.89140070463597,0.888173376361948,TRUE
270,214.38115190253,0.976560344463394,1.09713521496681,1.09330625724034,TRUE
271,214.863533051988,0.48238114945778,0.58249653963216,0.580605190019419,TRUE
272,215.429543247966,0.56601019597781,0.723201104972077,0.720981857461735,TRUE
273,217.108826165633,1.67928291766708,1.87877978867351,1.87219555315854,TRUE
274,220.71937512221,3.61054895657722,3.42011780105128,3.40596133913629,TRUE
275,222.158942338588,1.43956721637795,1.45730881435975,1.45166447087686,TRUE
276,222.28012023182,0.121177893232129,0.146960488841444,0.14648536712142,TRUE
277,230.200321048394,7.9202008165741,7.3212469748812,7.29019296548615,TRUE
278,231.324739563353,1.12441851495876,1.16253168410935,1.1581229949945,TRUE
279,231.405439334314,0.0806997709615302,0.100538717456629,0.100222304842397,TRUE
280,231.757251239058,0.351811904743954,0.500491106106836,0.49911170040132,TRUE
281,232.095928913642,0.338677674583352,0.506110968943119,0.504783060733216,TRUE
282,232.689030775872,0.593101862230696,0.862610816740187,0.860285346562285,TRUE
283,233.113461497328,0.424430721455792,0.606216794854902,0.604552660836474,TRUE
284,233.233398099489,0.119936602160578,0.187766742239035,0.187296487449218,TRUE
285,233.30848473764,0.0750866381514754,0.134945554252681,0.134651149954028,TRUE
286,233.44583397246,0.137349234819595,0.272435240572236,0.27189671326374,TRUE
287,233.988339525614,0.5425055531542,1.00420259109666,1.00207550203229,TRUE
288,234.12049966568,0.132160140066077,0.238490515984097,0.237972334396747,TRUE
289,235.12417967672,1.00368001104025,1.5527510031913,1.54881571301189,TRUE
290,238.395594016673,3.2714143399528,3.34540590358182,3.33257914148314,TRUE
291,239.787653928115,1.39205991144149,1.41880739956559,1.41334932563925,TRUE
292,240.352678767708,0.565024839593747,0.6422307820431,0.640015397978536,TRUE
293,241.907625561383,1.55494679367499,1.69379680091191,1.68770007010194,TRUE
294,242.819180008699,0.911554447315922,1.00267824029839,0.999104161682633,TRUE
295,243.053010260174,0.23383025147487,0.293561035191374,0.292644219192093,TRUE
296,243.839824707367,0.786814447192853,1.01276150401463,1.00967651364619,TRUE
297,243.850494919342,0.0106702119747979,0.0153129598199939,0.0152711233980917,TRUE
298,245.081346190843,1.23085127150108,1.62716400221149,1.6223380050134,TRUE
299,245.804828997204,0.723482806360948,0.872143905819883,0.869307230035239,TRUE
300,246.676435133507,0.871606136303001,1.03765466443156,1.0342372176051,TRUE
301,248.962001652942,2.28556651943535,2.35143951359737,2.3424781241312,TRUE
302,250.033926363818,1.0719247108762,1.13170089832039,1.12749803013393,TRUE
303,250.454102799786,0.420176435967903,0.49874372140431,0.497096267849493,TRUE
304,250.958785754149,0.504682954362494,0.650274039462488,0.648295247564497,TRUE
305,252.638109777742,1.67932402359338,1.89318895843735,1.88660456175174,TRUE
306,253.300642497333,0.66253271959053,0.752709219494932,0.750111520550779,TRUE
307,253.540262304484,0.239619807151001,0.310679656646869,0.30974014060241,TRUE
308,256.315965476125,2.77570317164179,2.934135371514,2.92325222418399,TRUE
309,256.358736773696,0.0427712975706527,0.0512214398141282,0.0510537394858968,TRUE
310,257.325640452557,0.966903678860831,1.20139406157801,1.19760296629863,TRUE
311,259.597641849805,2.27200139724778,2.35063880454896,2.34173060204631,TRUE
312,261.887647813483,2.29000596367808,2.23718911595603,2.22821032004444,TRUE
313,266.748018980138,4.86037116665511,4.44728156011411,4.42822471858088,TRUE
314,269.092048267331,2.34402928719328,2.26015900459703,2.25096839072339,TRUE
315,269.192151250549,0.100102983218221,0.118249313792091,0.11785682387254,TRUE
316,271.731024164891,2.53887291434108,2.66755298493825,2.65759841621447,TRUE
317,271.886420104508,0.155395939617506,0.183292460484836,0.182683174548709,TRUE
318,271.929252014672,0.0428319101640682,0.0625412838663237,0.0623733458845166,TRUE
319,272.09277273694,0.163520722267606,0.275547258265476,0.274906116182947,TRUE
320,272.320867760469,0.228095023528908,0.409247354747606,0.408353025782006,TRUE
321,274.526467914132,2.20560015366289,2.75700009584909,2.74835224341709,TRUE
322,276.792537045903,2.26606913177181,2.24966706136553,2.2407821184534,TRUE
323,277.595750813585,0.803213767681825,0.86776060357181,0.864611313741225,TRUE
324,277.755137034293,0.159386220707745,0.202824376408387,0.202199445133293,TRUE
325,278.77166926286,1.01653222856669,1.27950710074765,1.27552141880506,TRUE
326,281.90902666324,3.13735740038084,3.11015722760487,3.09785608418144,TRUE
327,283.238860784333,1.32983412109263,1.36087319964508,1.3556591044161,TRUE
328,283.417682914889,0.178822130556057,0.216243060000636,0.215541923217499,TRUE
329,283.61046208984,0.192779174951113,0.275341925588009,0.274586065168716,TRUE
330,284.376080726539,0.76561863669923,1.06977879889757,1.06677691436362,TRUE
331,284.393383379534,0.017302652994772,0.0259943909197773,0.0259265496161156,TRUE
332,286.146371878412,1.75298849887815,2.19770547318706,2.19083224830623,TRUE
333,286.916428146058,0.770056267646055,0.878601647292385,0.875582363422693,TRUE
334,289.029669661921,2.11324151586257,2.18591193879467,2.17762621177747,TRUE
335,289.903580892911,0.873911230990018,0.943808062234837,0.940381577451671,TRUE
336,291.021520422498,1.11793952958726,1.23234274939455,1.22795946348313,TRUE
337,291.714849204994,0.693328782495882,0.80002647421486,0.797308028177427,TRUE
338,291.777995322475,0.0631461174810966,0.0853916951528504,0.0851441079803868,TRUE
339,292.041270107162,0.263274784686303,0.406261210865637,0.405228946933639,TRUE
340,292.368765557392,0.327495450230003,0.525529129875395,0.524245065616948,TRUE
341,292.840441627999,0.471676070607316,0.738823983516966,0.736974607034313,TRUE
342,293.391456829358,0.551015201359235,0.812909300922684,0.810748846707429,TRUE
343,294.914848618769,1.52339178941122,1.82919057561679,1.82321756760395,TRUE
344,296.014920158478,1.10007153970901,1.21062790054896,1.20631467254874,TRUE
345,296.027716908169,0.0127967496904944,0.0165714071653724,0.0165212328838967,TRUE
346,296.579715734755,0.551998826585873,0.778287819515924,0.77612350864252,TRUE
347,297.405650349353,0.825934614597827,1.07826616166005,1.07502778653859,TRUE
348,299.138037380121,1.73238703076862,1.90507120954442,1.89827876016399,TRUE
349,301.153347191048,2.01530981092668,2.02280717841325,2.01490542803445,TRUE
350,301.623141433226,0.469794242178182,0.531046749845473,0.529204751751206,TRUE
351,303.89534142869,2.27219999546384,2.35160088237416,2.34269190119543,TRUE
352,304.23094042175,0.335598993060103,0.386309634264421,0.384993797137962,TRUE
353,309.315933593086,5.08499317133629,4.81613992671174,4.79620237343834,TRUE
354,309.321819246265,0.00588565317900702,0.00696263717804868,0.00693956034788366,TRUE
355,309.531926612547,0.210107366282159,0.300681767575497,0.299857965720266,TRUE
356,310.777332180776,1.24540556822819,1.59715395814908,1.59227089557124,TRUE
357,312.069843600181,1.29251141940506,1.4361477389441,1.43107998085425,TRUE
358,312.335565548976,0.265721948795772,0.325269241237606,0.324227382314395,TRUE
359,313.094643286349,0.759077737372365,0.965215065361349,0.962238826786866,TRUE
360,314.411720877825,1.31707759147599,1.5060800472242,1.50091596857936,TRUE
361,317.277039965368,2.8653190875437,2.80434429233031,2.79310977341784,TRUE
362,317.966389368528,0.689349403159895,0.74862256790982,0.745919724467087,TRUE
363,318.384604320053,0.418214951524817,0.512851750581831,0.511211987735588,TRUE
364,320.878366744688,2.49376242463433,2.6103975561789,2.60061985943141,TRUE
365,323.697184220164,2.81881747547686,2.69557369755205,2.6845215050138,TRUE
366,324.636845842314,0.939661622149288,0.993432420302781,0.9897481373511,TRUE
367,325.435958525833,0.799112683518956,0.905341712956954,0.902208502908823,TRUE
368,326.77687784055,1.3409193147175,1.47080131177057,1.46554375303417,TRUE
369,326.803529345862,0.0266515053114063,0.0338712569755444,0.0337667601180151,TRUE
370,327.862142582247,1.05861323638595,1.34219213872456,1.33804146298416,TRUE
371,329.845084949025,1.98294236677748,2.09110728296861,2.08333244085111,TRUE
372,330.899331776853,1.05424682782802,1.12385500123452,1.11972144557674,TRUE
373,331.523493799585,0.624162022732378,0.721828590849157,0.719381338087913,TRUE
374,331.583914769732,0.0604209701467653,0.0823963327454749,0.082159430497912,TRUE
375,331.641152400958,0.057237631225405,0.0940770029328633,0.093852582115893,TRUE
376,332.195456412078,0.55430401112045,0.911848696844061,0.909675347661673,TRUE
377,332.677483250669,0.482026838591025,0.732259123543997,0.730369163135045,TRUE
378,332.680633638789,0.0031503881197068,0.00525323767180907,0.00524088543674166,TRUE
379,332.728539474791,0.0479058360019735,0.0938765480217967,0.0936887158801962,TRUE
380,333.026857053253,0.29831757846199,0.604716589848749,0.603546927980469,TRUE
381,335.111188728769,2.0843316755159,2.76126131395876,2.75308893841767,TRUE
382,335.177098454928,0.0659097261596457,0.0835165038157015,0.0832580809167387,TRUE
383,339.363258663257,4.186160208329,4.17094570074516,4.15453234691118,TRUE
384,341.12994097595,1.76668231269275,1.75242550460661,1.74549858818024,TRUE
385,342.084259652456,0.954318676505522,1.02258620115515,1.0188444499253,TRUE
386,342.320358823574,0.236099171118951,0.292384475585663,0.291458763467007,TRUE
387,342.6921347091,0.371775885525437,0.514260407473557,0.512802725767078,TRUE
388,344.616708446548,1.92457373744782,2.19726001047667,2.18971402366291,TRUE
389,346.776609537667,2.15990109111959,2.15118769538668,2.14271902264348,TRUE
390,346.89017694686,0.11356740919291,0.134877230368943,0.134431948301768,TRUE
391,347.543757943047,0.653580996186861,0.845443618475258,0.84288101799756,TRUE
392,348.276071513577,0.732313570530039,0.922986083337037,0.920114783350327,TRUE
393,349.461307743731,1.18523623015375,1.37533002449584,1.37068287755109,TRUE
394,350.388729043688,0.927421299956961,1.05011174002647,1.04647544968118,TRUE
395,350.588875529358,0.200146485670587,0.255676685891217,0.25489193926795,TRUE
396,350.791001352802,0.202125823443453,0.298070662183079,0.297278154850808,TRUE
397,350.853869355893,0.0628680030915802,0.106560978868572,0.106314482144074,TRUE
398,350.897435892432,0.0435665365383784,0.0853814010343399,0.085210582684363,TRUE
399,351.087830422465,0.190394530033188,0.40091037981864,0.400163869261478,TRUE
400,351.951000401169,0.86316997870415,1.50421166984478,1.50082730002273,TRUE
401,354.56729306994,2.61629266877037,2.88756189752326,2.87730377667534,TRUE
402,355.881175136092,1.31388206615253,1.36060058376751,1.35544903433445,TRUE
403,356.406695855288,0.525520719195868,0.604566048718425,0.602505554833339,TRUE
404,356.818877483791,0.412181628503561,0.526458052880287,0.524841945857188,TRUE
405,359.362934155497,2.54405667170556,2.68633585033763,2.67636095681986,TRUE
406,359.790540633597,0.427606478099506,0.484543548131001,0.48286696241104,TRUE
407,359.932257282322,0.141716648725833,0.191232326523505,0.190676675190554,TRUE
408,360.444308086593,0.512050804271041,0.734425579300023,0.732417899083973,TRUE
409,362.381900117877,1.93759203128332,2.20897377120684,2.20137674146773,TRUE
410,362.670460739907,0.288560622030332,0.343333346385407,0.342201940190652,TRUE
411,362.736131710416,0.065670970509359,0.0943758658730189,0.0941183791018613,TRUE
412,362.760038752322,0.0239070419052041,0.0413020992122597,0.041208363015271,TRUE
413,362.80674096757,0.0467022152485015,0.0937795954557714,0.0935964825442829,TRUE
414,363.050859051084,0.244118083513683,0.514048250054429,0.513091096891965,TRUE
415,363.169186179746,0.118327128662258,0.255356591879831,0.254892647612474,TRUE
416,363.644486789347,0.475300609600993,0.96049430349774,0.958630715700176,TRUE
417,365.561485610739,1.91699882139227,2.51676350669732,2.50924722007927,TRUE
418,367.813520886021,2.25203527528168,2.26538026853603,2.25655035042963,TRUE
419,372.605219756428,4.79169887040717,4.39338234178814,4.37459475480821,TRUE
420,373.019882714482,0.414662958053952,0.461673349733985,0.460047513761715,TRUE
421,373.209741176831,0.189858462348866,0.251303764345039,0.25055935563495,TRUE
422,373.230447568688,0.0207063918567769,0.0328917083538158,0.0328105214619491,TRUE
423,374.288674603004,1.0582270343167,1.52863908946779,1.52448992797216,TRUE
424,374.341340391895,0.0526657888900672,0.0763985992123821,0.0761921039553973,TRUE
425,374.608932091613,0.267591699718366,0.43489460031509,0.433845410357721,TRUE
426,374.969956250228,0.361024158615521,0.59399751380596,0.592581988130142,TRUE
427,375.183422238389,0.213465988160863,0.361964034453081,0.361127063907081,TRUE
428,375.75118193303,0.56775969464087,0.920246765972649,0.918020658920589,TRUE
429,375.787743883891,0.0365619508608006,0.0619054764733846,0.0617621221327779,TRUE
430,378.293329800676,2.50558591678532,3.03727127377965,3.02744721875858,TRUE
431,378.349470752176,0.0561409514999696,0.0686862427642723,0.0684661218764686,TRUE
432,379.654032042233,1.30456129005682,1.56087519588624,1.55576019192408,TRUE
433,379.65925101755,0.00521897531677951,0.00688525990568678,0.00686479702699554,TRUE
434,381.700449820207,2.04119880265733,2.33880618872388,2.3308029311976,TRUE
435,383.057543558637,1.35709373842985,1.42125606183481,1.41593508542535,TRUE
436,383.182230491971,0.124686933334317,0.153132161242695,0.152643281062902,TRUE
437,384.444222325965,1.26199183399319,1.51164088783304,1.50669279280655,TRUE
438,385.040428094991,0.596205769026483,0.709272848974138,0.706935208807996,TRUE
439,387.136801075324,2.096372980333,2.2123374471052,2.20411785927725,TRUE
440,387.189067709384,0.0522666340595492,0.063444598734236,0.0632396685080053,TRUE
441,387.3800069542,0.190939244815866,0.278023985779782,0.277275339471473,TRUE
442,387.470852761059,0.0908458068595905,0.151625566293603,0.151269372479197,TRUE
443,388.569013463937,1.09816070287815,1.60146841517502,1.59716267930112,TRUE
444,388.664744712953,0.0957312490161826,0.137244776048362,0.136869427092547,TRUE
445,391.074690530882,2.40994581792859,2.73786032507275,2.72841126162035,TRUE
446,391.382756998195,0.308066467312756,0.359330103968546,0.358122218058606,TRUE
447,391.434578923874,0.0518219256787802,0.0735833525974385,0.0733801660111173,TRUE
448,392.788609410204,1.3540304863306,1.73626773876543,1.73095877294279,TRUE
449,392.974851912604,0.186242502399466,0.24154720316244,0.240816972130019,TRUE
450,393.056717818906,0.0818659063020277,0.126086254498773,0.125765269629536,TRUE
451,393.09309081617,0.0363729972642659,0.0658857261481671,0.0657431126684171,TRUE
452,393.322064805165,0.228973988995335,0.447729519522284,0.446831744254944,TRUE
453,393.351594661897,0.029529856732097,0.0623673326372796,0.0622515501628663,TRUE
454,396.422093062491,3.07049840059335,3.87372496332881,3.86168596477463,TRUE
455,397.228144244979,0.806051182488318,0.87628470631131,0.87312429137063,TRUE
456,397.380748030074,0.152603785095039,0.19496497336587,0.19436663508054,TRUE
457,398.556883097062,1.17613506698825,1.44944854254049,1.44483707999479,TRUE
458,399.249435431376,0.692552334313234,0.824059596232416,0.821344194540666,TRUE
459,399.823284457128,0.573849025752395,0.713344263631257,0.711094281156094,TRUE
460,400.543228990553,0.719944533424609,0.900332921150437,0.897510118443452,TRUE
461,401.21690693276,0.673677942207121,0.839393908085299,0.83675251026837,TRUE
462,403.778285047024,2.56137811426441,2.64483883714036,2.63479602864765,TRUE
463,404.794891651151,1.01660660412676,1.07521088100248,1.07122490744363,TRUE
464,405.434518553568,0.639626902416921,0.737546348468982,0.735038460058448,TRUE
465,405.497168878228,0.0626503246597849,0.0851311754429389,0.0848855322053941,TRUE
466,405.768019633844,0.270850755616152,0.418622762048187,0.417560793784458,TRUE
467,406.260846044838,0.49282641099478,0.757882304492284,0.755950000457122,TRUE
468,406.269195930622,0.00834988578310458,0.0139857702694712,0.0139530315248912,TRUE
469,406.806334885396,0.537138954774662,0.909011460554325,0.906905413178213,TRUE
470,407.702436848739,0.896101963342858,1.26654073569824,1.26302724412991,TRUE
471,408.005430119856,0.302993271117316,0.419629840997345,0.418441846386372,TRUE
472,408.995349756361,0.989919636505078,1.28548145533978,1.28160011768126,TRUE
473,410.820395858302,1.82504610194093,1.96683555295095,1.95967980019814,TRUE
474,411.439878201696,0.619482343393372,0.698073075982506,0.69564417159519,TRUE
475,411.945227691667,0.505349489971536,0.623907103984322,0.621925698692613,TRUE
476,413.50076695514,1.55553926347221,1.74909779131582,1.74299873751391,TRUE
477,418.002495132006,4.50172817686672,4.19445898173581,4.17680832964554,TRUE
478,419.982786473534,1.98029134152733,1.94062700283217,1.93286255501716,TRUE
479,422.693059398477,2.71027292494347,2.60149926586791,2.59087266146437,TRUE
480,422.789660695562,0.0966012970852148,0.113661031440188,0.113282271146512,TRUE
481,422.993279843959,0.203619148396911,0.287560022032494,0.286761659580105,TRUE
482,423.362636792371,0.369356948411735,0.558711306997338,0.557263109607936,TRUE
483,424.465607600959,1.10297080858811,1.45616135881494,1.45183676318339,TRUE
484,426.043478178752,1.57787057779319,1.73243228489872,1.72624567310923,TRUE
485,426.123644895308,0.0801667165561639,0.0996238772906395,0.0993095547088312,TRUE
486,426.186956203647,0.0633113083381431,0.096499406931855,0.096251172068942,TRUE
487,426.570546099027,0.38358989538068,0.62499662855987,0.623492625758569,TRUE
488,426.619448927652,0.0489028286251596,0.0861171193562882,0.0859253781448289,TRUE
489,426.759612931794,0.140164004141468,0.275121621918856,0.274572058290072,TRUE
490,426.977102287422,0.217489355628288,0.442220374482304,0.441367628870239,TRUE
491,427.090847837144,0.113745549721727,0.241122572149095,0.240676591617602,TRUE
492,428.340266451081,1.24941861393717,2.03217840742019,2.02727961024647,TRUE
493,428.598627938762,0.258361487681327,0.365691928511865,0.364678928936275,TRUE
494,429.118355136193,0.519727197430711,0.753325183253764,0.751287404964342,TRUE
495,429.556539387917,0.43818425172401,0.629814999600399,0.628096939896492,TRUE
496,430.332822679621,0.776283291703976,1.04827472203749,1.04523102286974,TRUE
497,430.455281889155,0.122459209533702,0.175639288157186,0.175159142573577,TRUE
498,430.634832764919,0.179550875764619,0.292706123814241,0.29200212972217,TRUE
499,430.962535476295,0.327702711375821,0.555496669446711,0.554211792546045,TRUE
500,431.09667238547,0.134136909175083,0.239568598006883,0.239042665781904,TRUE
501,431.245814676809,0.149142291338876,0.288809908346309,0.288225142098117,TRUE
502,431.310120462238,0.0643057854292692,0.136130004044162,0.135877869974443,TRUE
503,431.669548986556,0.35942852431765,0.754970004044651,0.753560734629707,TRUE
504,435.374969489397,3.70542050284109,4.23760885228518,4.22308041218969,TRUE
505,437.495201392627,2.12023190322947,2.07360786790611,2.06529473254913,TRUE
506,437.505685861927,0.0104844693007635,0.0126459425668486,0.0126048344162211,TRUE
507,437.689018820455,0.183332958527217,0.267666567724518,0.266947744610259,TRUE
508,438.547931987046,0.858913166591606,1.19511422021469,1.19174654076279,TRUE
509,438.866653610105,0.318721623058366,0.438820060207831,0.437570396909377,TRUE
510,439.340558337298,0.473904727193315,0.676183033352515,0.674324918616356,TRUE
511,439.426735801763,0.0861774644647539,0.134916017417083,0.134578127526018,TRUE
512,441.902320939129,2.47558513736635,2.89667422470984,2.88696779858575,TRUE
513,443.658513511739,1.75619257261002,1.77467711170118,1.76779132409145,TRUE
514,443.871103369148,0.212589857408545,0.251361732554756,0.250528197195975,TRUE
515,446.271163378908,2.40006000976041,2.5289286429886,2.51951834041953,TRUE
516,446.294575578557,0.0234121996493855,0.0283354842123344,0.028243688223229,TRUE
517,446.531120236821,0.236544658263256,0.341244084519872,0.340316625707882,TRUE
518,446.62815263582,0.0970323989992039,0.159198473724473,0.158818023139957,TRUE
519,446.655618135631,0.0274654998108304,0.0522847627430565,0.052177074325942,TRUE
520,446.751057113202,0.0954389775718028,0.203881275560661,0.203507072560661,TRUE
521,447.466497561798,0.715440448595473,1.34322874944723,1.34042360663245,TRUE
522,447.691454208857,0.224956647059287,0.382338873925164,0.381456850098617,TRUE
523,448.166518511316,0.475064302458634,0.788210313208765,0.786347651938746,TRUE
524,448.64486794304,0.478349431723984,0.742065592233985,0.740190050427546,TRUE
525,449.036638989359,0.391771046318809,0.596142916361487,0.59460683640154,TRUE
526,456.32174705975,7.28510807039106,6.93045147448902,6.90188757570649,TRUE
527,456.582489884322,0.260742824571935,0.296245995778122,0.295223659310718,TRUE
528,457.304089082947,0.721599198625199,0.888184451046641,0.885355160626797,TRUE
529,457.840697024931,0.536607941984641,0.679642961153604,0.677538995805026,TRUE
530,458.586896699638,0.746199674706645,0.940629932447564,0.93770418697146,TRUE
531,458.67187674435,0.0849800447120401,0.119077957561558,0.11874476258734,TRUE
532,460.044765321671,1.37288857732057,1.7363517149721,1.73096880918905,TRUE
533,460.775822041357,0.731056719686478,0.859672691931905,0.856806319883112,TRUE
534,460.917008689967,0.141186648609505,0.188854490689437,0.188300917413466,TRUE
535,461.385433203814,0.468424513847481,0.67465051225463,0.672813884675256,TRUE
536,462.493695536288,1.10826233247423,1.40930282457396,1.40495748161083,TRUE
537,462.949880287236,0.456184750947557,0.5730720253149,0.571283388149014,TRUE
538,462.956768646287,0.00688835905140195,0.0101856282667541,0.0101586199658722,TRUE
539,464.39071882326,1.43395017697293,1.86723014315339,1.8616078233033,TRUE
540,465.010388841612,0.619670018351542,0.743482951991382,0.741053311756572,TRUE
541,465.775169494979,0.764780653367552,0.931000376922952,0.928001778005469,TRUE
542,465.873146618655,0.0979771236753209,0.134169043000156,0.133784888281156,TRUE
543,466.588270126599,0.715123507943929,0.99800065617444,0.995196756040009,TRUE
544,466.741294962558,0.153024835959854,0.223642991824249,0.22304300265685,TRUE
545,466.7629417075,0.0216467449419611,0.0372629661894734,0.0371780923035243,TRUE
546,467.468238390086,0.705296682585754,1.16135223280139,1.15858686228686,TRUE
547,468.94362134958,1.4753829594942,1.82598607834859,1.82020130630221,TRUE
548,468.960736195177,0.017114845596268,0.0224788209501412,0.0224117160132526,TRUE
549,469.980413975476,1.01967778029945,1.32672730379079,1.32272928857594,TRUE
550,471.078187987203,1.09777401172681,1.27218712188267,1.26788290217116,TRUE
551,471.131919423119,0.0537314359156653,0.0704507191995845,0.0702400456883468,TRUE
552,472.377927749437,1.24600832631796,1.55690641044089,1.55202098453214,TRUE
553,473.094193960199,0.716266210762626,0.848650518413706,0.84584213789994,TRUE
554,473.797261865725,0.703067905525472,0.852748852814784,0.849992221026123,TRUE
555,475.494442080117,1.6971802143924,1.84748654999282,1.84083214165856,TRUE
556,476.139225355701,0.644783275584075,0.728590589635019,0.726062483800144,TRUE
557,477.325253946671,1.1860285909695,1.33239080203384,1.32774054835218,TRUE
558,478.244309372155,0.919055425484544,1.03260723833864,1.02900374942737,TRUE
559,478.709132871926,0.46482349977066,0.565000226561551,0.563177718059152,TRUE
560,483.035025121755,4.32589224982883,4.18740217214236,4.17044094834522,TRUE
561,483.289194198259,0.254169076504809,0.289671027096801,0.288674465384225,TRUE
562,484.584963067321,1.29576886906142,1.47868325725756,1.4736027271592,TRUE
563,484.950660365914,0.365697298593375,0.44370277565838,0.442268927248565,TRUE
564,486.326257273246,1.37559690733184,1.5834752939536,1.57808176918404,TRUE
565,486.614140246185,0.287882972939258,0.353203049165813,0.3520742999392,TRUE
566,487.97239608482,1.35825583863442,1.58389520521553,1.57856967237227,TRUE
567,487.984038113448,0.0116420286278753,0.0151368774889988,0.0150912307087264,TRUE
568,488.673202828523,0.689164715074924,0.947233982325656,0.944531863019301,TRUE
569,489.68197014013,1.00876731160702,1.24408885417768,1.24013361739801,TRUE
570,490.782202637035,1.10023249690516,1.25497559221003,1.25066173311897,TRUE
571,491.051323488221,0.269120851186074,0.336175017381947,0.335119831833666,TRUE
572,491.593065731484,0.541742243263627,0.724515438536741,0.722391342304636,TRUE
573,493.33949057788,1.74642484639577,1.97517770017339,1.96833021046401,TRUE
574,493.646145320285,0.306654742405044,0.36616016540961,0.364957814677321,TRUE
575,494.029530265037,0.383384944751413,0.513329224766949,0.511826025548651,TRUE
576,495.529944346738,1.50041408170148,1.76880105108933,1.76291813548293,TRUE
577,496.64566545852,1.11572111178162,1.22250940396293,1.21813481616018,TRUE
578,497.278868072594,0.633202614074492,0.73546544568751,0.732982746020944,TRUE
579,498.027362331905,0.748494259310462,0.90000034712341,0.897065604899181,TRUE
580,498.477536420606,0.45017408870109,0.571652204577163,0.569887134384665,TRUE
581,498.868494121196,0.39095770059015,0.532515115667593,0.530982224723491,TRUE
582,500.032419105086,1.16392498388967,1.44387744217181,1.4393138536692,TRUE
583,500.292581924088,0.260162819002687,0.334157708497514,0.333137646151539,TRUE
584,500.768356476158,0.475774552069765,0.656216989938684,0.654351543878405,TRUE
585,501.039099945523,0.270743469364561,0.395860990032816,0.394799442423606,TRUE
586,502.464511170259,1.42541122473614,1.78520138162855,1.77961254182639,TRUE
587,502.87702360347,0.412512433211475,0.506371186502861,0.504753782440363,TRUE
588,502.965468996429,0.088445392958306,0.127016547489802,0.126669765365525,TRUE
589,503.915374230124,0.949905233695802,1.30494702400824,1.3012225772758,TRUE
590,504.038141974686,0.122767744561258,0.173526742365198,0.173045387058519,TRUE
591,504.370507179388,0.332365204702796,0.51470804306507,0.513404885174448,TRUE
592,509.445119008623,5.07461182923424,5.070063077898,5.05016622842778,TRUE
593,510.110041222096,0.664922213473062,0.718877679928596,0.716270612110194,TRUE
594,510.638885052922,0.528843830826645,0.636658578247761,0.634585054902666,TRUE
595,512.985934268301,2.34704921537849,2.45221369930016,2.44301124470677,TRUE
596,513.611842201379,0.625907933077883,0.693008941533549,0.690554843299882,TRUE
597,514.306828616331,0.694986414951813,0.826063191710091,0.823338246325602,TRUE
598,515.069053901562,0.762225285231693,0.91895373436239,0.915965154689107,TRUE
599,515.429373036739,0.36031913517661,0.465232281109024,0.463819519732371,TRUE
600,517.695311912865,2.26593887612592,2.45563420851568,2.44674977631787,TRUE
601,518.057248554603,0.36193664173777,0.417724182697384,0.416305079301746,TRUE
602,518.705796174611,0.64854762000823,0.807428632806591,0.804885767499094,TRUE
603,518.757598496728,0.0518023221176236,0.0735219467330808,0.0733188370096051,TRUE
604,520.465627276018,1.70802877928918,2.08678010283359,2.08008315878034,TRUE
605,520.551493117683,0.0858658416650542,0.108924805793549,0.10858813773228,TRUE
606,523.697778669102,3.14628555141928,3.26829737575895,3.25596122629304,TRUE
607,523.976287687071,0.278509017968986,0.319194667234115,0.318102671985393,TRUE
608,524.134880381647,0.158592694576328,0.217907443457307,0.217285623488165,TRUE
609,524.470010174211,0.335129792563407,0.505634696770358,0.504320699313999,TRUE
610,525.944194143644,1.47418396943362,1.84535349708221,1.83957342610964,TRUE
611,528.920508781196,2.97631463755204,2.9208357797836,2.90916606270727,TRUE
612,531.066389763145,2.14588098194918,2.09479312164797,2.08637941980916,TRUE
613,531.505078000283,0.438688237137853,0.494873778067017,0.493153742306172,TRUE
614,531.56114219442,0.0560641941365247,0.0768182843142995,0.0765984643814768,TRUE
615,532.220596012497,0.659453818076713,0.937013698643568,0.934428071645411,TRUE
616,532.324742966824,0.104146954327575,0.15698548432124,0.156577138551599,TRUE
617,533.520656055345,1.19591308852102,1.61232315099585,1.60763414156961,TRUE
618,533.70322141624,0.182565360895069,0.245194927969351,0.244479114498992,TRUE
619,534.461429377224,0.758207960984009,1.02507402734591,1.02210119904406,TRUE
620,534.729678584154,0.268249206929568,0.37310211438114,0.372050346429149,TRUE
621,535.520902817588,0.791224233434036,1.07180251622106,1.0687002356921,TRUE
622,535.698705573558,0.17780275597022,0.251600759783742,0.250903619827036,TRUE
623,535.838392379512,0.139686805953716,0.225734314428678,0.225186621827832,TRUE
624,536.839730249486,1.00133786997446,1.44779697672936,1.44387086976037,TRUE
625,536.960833997648,0.121103748162113,0.174236591449471,0.173761760441988,TRUE
626,537.179748130016,0.218914132367786,0.353888975411564,0.353030643447426,TRUE
627,538.034312068448,0.854563938431738,1.25599734541333,1.2526467186821,TRUE
628,545.629181346827,7.59486927837895,7.05630103872841,7.0265226091927,TRUE
629,547.85108439694,2.22190305011338,2.15245014238201,2.14373836855315,TRUE
630,550.063564187219,2.21247979027839,2.16048790804984,2.15181308151642,TRUE
631,550.668943975772,0.605379788552909,0.668027316331177,0.6656537061063,TRUE
632,551.439865105402,0.770921129630551,0.906306347745158,0.903283672871524,TRUE
633,551.751900034973,0.312034929571041,0.401663473703138,0.400440028002847,TRUE
634,552.455142434354,0.703242399381338,0.922952977449768,0.920195661494888,TRUE
635,552.644465222351,0.189322787996275,0.265881008191172,0.265138699785957,TRUE
636,553.403849038226,0.759383815875253,1.05245137903535,1.04947394036949,TRUE
637,555.057343893164,1.65349485493812,1.87510459708415,1.86862147298804,TRUE
638,556.080090105265,1.02274621210131,1.11627977811804,1.11226973200748,TRUE
639,556.931525112542,0.851435007276564,0.964150403709823,0.960812045083876,TRUE
640,557.075134556209,0.143609443666719,0.186612281371822,0.186049208652313,TRUE
641,557.858931799862,0.783797243652998,1.03992519117855,1.0368520308469,TRUE
642,559.633672919447,1.77474111958554,1.95913046170142,1.95217194781045,TRUE
643,559.763008360516,0.129335441068406,0.158085469086586,0.157578362752408,TRUE
644,559.962987428258,0.199979067742788,0.289051158054463,0.288267067853681,TRUE
645,560.459002066738,0.496014638479778,0.739378193248513,0.737433388615377,TRUE
646,560.716374335207,0.257372268469112,0.394242503531927,0.39323338254773,TRUE
647,560.955173911124,0.238799575917028,0.391048571091346,0.390112271059844,TRUE
648,561.108924781066,0.153750869941291,0.271658895080009,0.271056059234021,TRUE
649,561.311198921899,0.202274140832969,0.379955866716728,0.379162777852534,TRUE
650,562.385690979933,1.07449205803414,1.65344085891832,1.64922792451957,TRUE
651,562.562905660452,0.177214680518773,0.25621261287381,0.255517778679423,TRUE
652,563.58367493181,1.02076927135897,1.37189666905465,1.36789437425467,TRUE
653,564.959208149086,1.37553321727546,1.55804833811669,1.55265506306701,TRUE
654,565.02704017204,0.0678320229542351,0.0862458782966087,0.0859799183384094,TRUE
655,568.281017069626,3.2539768975854,3.36786026551124,3.35510187320666,TRUE
656,569.441165508237,1.16014843861149,1.20432605604981,1.19977727485768,TRUE
657,570.684860694395,1.24369518615811,1.3262115840987,1.32133522769184,TRUE
658,573.283074189827,2.59821349543211,2.55091996159217,2.54073272667653,TRUE
659,575.299693193123,2.01661900329589,1.98440506520228,1.97649818166171,TRUE
660,575.772691978158,0.472998785035088,0.532812713753856,0.530958151091304,TRUE
661,575.962672474296,0.189980496137309,0.251820768858579,0.251075881670923,TRUE
662,576.589109987072,0.626437512776079,0.861523602470925,0.859067427828679,TRUE
663,576.878443512619,0.289333525547022,0.41138182464806,0.410247388005767,TRUE
664,579.473967163349,2.59552365072989,2.84735508876895,2.83717840036148,TRUE
665,580.116235906774,0.642268743425802,0.710098355601076,0.707580108898195,TRUE
666,580.411992829868,0.295756923094018,0.374962755881597,0.373803133988022,TRUE
667,580.480409651472,0.0684168216039325,0.102418519290723,0.102150266418091,TRUE
668,580.496368737969,0.015959086496423,0.0285308580644141,0.0284682846987288,TRUE
669,580.681179160598,0.184810422629312,0.364783413171949,0.364058797125772,TRUE
670,580.762342858318,0.0811636977194894,0.171654950371135,0.1713367187644,TRUE
671,581.214220056226,0.451877197908857,0.915664218843517,0.913892470995924,TRUE
672,581.258206851408,0.043986795181354,0.0891572948559087,0.0889848287300548,TRUE
673,582.152615722652,0.894408871244195,1.56254330831371,1.55903645512477,TRUE
674,582.733016772168,0.580401049516126,0.836310538627004,0.834034866574995,TRUE
675,585.243768358956,2.51075158678771,2.71730702666252,2.70746271776551,TRUE
676,585.678868293415,0.435099934459686,0.494146122319989,0.492440155796486,TRUE
677,585.8065575388,0.127689245384317,0.172936368910769,0.172435717081649,TRUE
678,586.146117699752,0.339560160951805,0.509277594350692,0.507946226034081,TRUE
679,586.373090925758,0.226973226006635,0.361881766549118,0.360991835996084,TRUE
680,586.739328204551,0.36623727879271,0.598902521695663,0.597466556098346,TRUE
681,587.369479978997,0.630151774446404,0.95406123352052,0.951590495773186,TRUE
682,589.436847671999,2.0673676930021,2.34399095969866,2.33588509758123,TRUE
683,589.760150831636,0.323303159636225,0.380270895725175,0.379003268856954,TRUE
684,590.545208462333,0.785057630697452,0.968465789081847,0.965387686947325,TRUE
685,590.692527637402,0.147319175069242,0.200432448607216,0.199854830545172,TRUE
686,590.875496297584,0.182968660181587,0.285602027046934,0.284884632295984,TRUE
687,590.902292530684,0.026796233099617,0.048121278978897,0.0480162146637743,TRUE
688,591.633932244745,0.731639714061657,1.2308738951649,1.22800523727599,TRUE
689,593.829829881403,2.19589763665738,2.51782075580627,2.50921094559835,TRUE
690,595.71619185275,1.88636197134792,1.89781336074395,1.89041719696764,TRUE
691,595.975205754095,0.25901390134436,0.302765687795272,0.301750130196156,TRUE
692,595.992726102987,0.0175203488918214,0.0252653036496895,0.0251966087905954,TRUE
693,596.080186140962,0.0874600379752337,0.150023521711773,0.149680603027781,TRUE
694,597.201033235585,1.1208470946234,1.65500617031012,1.65061148423928,TRUE
695,598.010546154622,0.809512919036251,1.00939665496867,1.0062226670389,TRUE
696,598.323325397393,0.312779242771626,0.412053775832419,0.410827411783255,TRUE
697,599.290921079248,0.967595681855187,1.22822912126821,1.22443531274103,TRUE
698,600.190379976886,0.899458897637487,1.06584411926235,1.06231746562003,TRUE
699,600.360111207858,0.169731230971706,0.223006214081352,0.22234072145518,TRUE
700,601.305135180736,0.945023972878857,1.22257008190638,1.21886477392089,TRUE
701,601.315086934509,0.0099517537724978,0.014046652325078,0.0140076328781844,TRUE
702,605.986823499499,4.6717365649904,4.71650829230543,4.69819106089423,TRUE
703,610.733031503157,4.7462080036579,4.3340247518455,4.31541552824753,TRUE
704,612.924454419274,2.19142291611706,2.12637254032472,2.11778027487569,TRUE
705,614.000306113104,1.07585169382969,1.13014105888533,1.12592279354312,TRUE
706,614.998168887901,0.997862774797454,1.09658373459479,1.09267125299221,TRUE
707,616.106258091894,1.10808920399302,1.22211652126202,1.21777185711167,TRUE
708,616.888597833151,0.782339741256692,0.892752226172547,0.889684780505732,TRUE
709,617.538953795467,0.650355962315757,0.779501323735076,0.776951368168088,TRUE
710,618.610748457896,1.07179466242883,1.24638109636635,1.24217873808182,TRUE
711,619.187819646989,0.577071189093544,0.690627669973651,0.688365053842728,TRUE
712,620.136440011642,0.948620364653038,1.12698361586081,1.12326420692175,TRUE
713,620.534073209878,0.397633198235553,0.498560008477853,0.497000943832932,TRUE
714,621.471202350613,0.937129140735237,1.15652059821571,1.15284624477256,TRUE
715,622.309111393489,0.837909042875822,0.994287770105416,0.991002444910729,TRUE
716,622.546752756763,0.237641363273951,0.309859949136467,0.308928190296171,TRUE
717,624.444449530125,1.89769677336176,2.14987678704824,2.14243618108461,TRUE
718,625.830655647194,1.38620611706949,1.45165195901768,1.44621683700753,TRUE
719,625.99739307505,0.166737427855765,0.202993537422003,0.202339783082807,TRUE
720,626.106256932788,0.108863857737674,0.159664447639784,0.159237607545794,TRUE
721,626.174358519524,0.0681015867367023,0.116920906759105,0.116653889878686,TRUE
722,628.653351238049,2.47899271852464,3.0184199017225,3.00870011494509,TRUE
723,629.653227173485,0.999875935436307,1.07659304198353,1.07267266705718,TRUE
724,633.978776659524,4.32554948603899,4.06186190509572,4.04490202522789,TRUE
725,635.729155166952,1.75037850742785,1.73633325033086,1.72947025886468,TRUE
726,635.888208313856,0.15905314690383,0.188988251286673,0.18836462594779,TRUE
727,636.532967424414,0.64475911055797,0.831705292690344,0.829177281603187,TRUE
728,638.042409393645,1.50944196923081,1.71330323781262,1.70738492511079,TRUE
729,638.080126151841,0.0377167581964386,0.0478846982791765,0.047736816099102,TRUE
730,640.517591975022,2.43746582318045,2.65386575882474,2.64430879324695,TRUE
731,642.633450652745,2.11585867772362,2.08696396193091,2.07866797338487,TRUE
732,642.830477721752,0.197027069007163,0.230683809905372,0.229911294082386,TRUE
733,644.544427281825,1.71394956007305,1.90108892628314,1.89436876766926,TRUE
734,646.097403219854,1.55297593802868,1.60851161273445,1.60242260937623,TRUE
735,646.421854807778,0.324451587923704,0.381330023189548,0.380057893493223,TRUE
736,647.088825932744,0.666971124966722,0.838380063319505,0.835764962003185,TRUE
737,651.624784446483,4.53595851373836,4.36180759124306,4.3440227267474,TRUE
738,652.13869270416,0.513908257676917,0.565585238312565,0.563570275279216,TRUE
739,653.74414121014,1.60544850598001,1.72748038986902,1.72118564884633,TRUE
740,657.382557148941,3.6384159388017,3.43698251698231,3.42271679249333,TRUE
741,657.49638818345,0.113831034508848,0.132682892953426,0.132236577247934,TRUE
742,657.528555037455,0.0321668540046858,0.0469310778457839,0.0468049560706414,TRUE
743,657.87296423981,0.344409202354427,0.552678514757645,0.551328134021935,TRUE
744,657.903948650348,0.0309844105386219,0.054748437128751,0.0546269515505125,TRUE
745,659.703724608407,1.79977595805929,2.42761441933953,2.42055774731758,TRUE
746,661.111688464854,1.40796385644694,1.51538040608148,1.50985997499158,TRUE
747,662.492716056287,1.38102759143226,1.45518035920475,1.4497655414757,TRUE
748,663.912944435202,1.42022837891568,1.48700574458439,1.48143722600218,TRUE
749,664.659964562687,0.747020127484689,0.834206683120669,0.831277720762965,TRUE
750,664.77566041298,0.115695850292695,0.15146689780795,0.151013270418296,TRUE
751,664.931595452898,0.15593503991829,0.23969983151062,0.239088431836952,TRUE
752,665.879172770822,0.947577317923901,1.34098602840277,1.33727070910534,TRUE
753,666.140362580371,0.261189809549251,0.362808824630974,0.361784735597441,TRUE
754,666.464259022238,0.323896441867191,0.485513948536209,0.484243995490609,TRUE
755,670.611692649587,4.14743362734862,4.24240844172039,4.22614692944162,TRUE
756,670.896551457257,0.284858807669707,0.323786493026546,0.322669601132703,TRUE
757,671.670389689152,0.773838231894956,0.94309212734197,0.940058014914766,TRUE
758,671.727633706977,0.0572440178259512,0.0790877578469917,0.0788633119890461,TRUE
759,672.33151160433,0.603877897352163,0.872858028310247,0.870490306792556,TRUE
760,672.982775475134,0.6512638708042,0.882793172266929,0.880239656916625,TRUE
761,674.278714173774,1.29593869864004,1.53393436836438,1.52885317238779,TRUE
762,675.381124016579,1.10240984280472,1.22249226544125,1.21816986927876,TRUE
763,675.452850706254,0.0717266896753017,0.0920385676034812,0.0917573371970006,TRUE
764,675.593398296622,0.140547590368101,0.21522637169403,0.214675304076829,TRUE
765,678.194873396751,2.60147510012905,2.96797571533818,2.95777569212269,TRUE
766,679.076538151277,0.881664754525673,0.952308065977036,0.948851180702986,TRUE
767,680.190620040269,1.1140818889927,1.22822076997443,1.22385260933698,TRUE
768,681.546235457477,1.35561541720801,1.45324295849764,1.44792777838075,TRUE
769,683.075480032767,1.52924457528934,1.59356411329918,1.5875681573243,TRUE
770,683.396089408755,0.320609375988397,0.377908547553488,0.376651482637502,TRUE
771,684.281135197666,0.88504578891127,1.07659075646586,1.07312061462471,TRUE
772,684.904642745528,0.623507547861095,0.763350627394857,0.760905940738851,TRUE
773,693.446058956473,8.54141621094504,7.7837507358214,7.7502610269864,TRUE
774,693.654615771043,0.208556814570329,0.238737551346503,0.237919828989575,TRUE
775,695.130476713375,1.47586094233213,1.65962767720657,1.65384103105575,TRUE
776,695.700061161877,0.569584448502383,0.660731201495423,0.658497939836444,TRUE
777,699.48095259437,3.78089143249292,3.67245527208092,3.65763092093308,TRUE
778,700.142216576514,0.661263982144078,0.716775105689862,0.714182381289347,TRUE
779,702.292157725854,2.14994114933938,2.20091561781965,2.19248599662738,TRUE
780,703.291008387951,0.998850662097198,1.06337223319565,1.05945587822393,TRUE
781,705.625896841307,2.33488845335557,2.33306718352151,2.32391240959012,TRUE
782,705.653495096243,0.0275982549366063,0.0331715389738747,0.0330633300423164,TRUE
783,708.528184310347,2.87468921410402,2.99021952588782,2.97894826800812,TRUE
784,708.606355649684,0.0781713393372456,0.09276458658519,0.0924580876008306,TRUE
785,708.687407885073,0.0810522353887109,0.118880111207659,0.118562316629271,TRUE
786,709.657167709605,0.96975982453182,1.34527711236967,1.34147481853907,TRUE
787,709.924129503123,0.266961793517794,0.365955571583072,0.36490885140059,TRUE
788,710.596528996078,0.672399492955265,0.924673432995178,0.922037047800529,TRUE
789,710.892338927056,0.295809930977725,0.417271682060914,0.416111852330775,TRUE
790,712.384567684987,1.49222875793077,1.8168890058372,1.81103818375054,TRUE
791,712.891306183967,0.506738498980326,0.605031204308602,0.603044352905133,TRUE
792,713.725720955367,0.83441477140002,1.012583298648,1.00931167400734,TRUE
793,713.971884430337,0.24616347496999,0.323811487725948,0.322846314867143,TRUE
794,713.995001488557,0.0231170582204641,0.0362015115230179,0.0361108727425387,TRUE
795,716.143738483585,2.14873699502778,2.61793438363566,2.60950948376551,TRUE
796,716.316719762326,0.172981278740508,0.210567311350587,0.20988907573768,TRUE
797,716.856376988048,0.539657225721953,0.71902491232413,0.716908991156752,TRUE
798,717.664675814877,0.808298826829514,1.03212300224629,1.02895377460375,TRUE
799,717.912077031294,0.247401216416506,0.334099359520224,0.3331293336488,TRUE
800,718.07196494308,0.159887911786655,0.245742180760544,0.245115282424281,TRUE
801,718.889306287211,0.817341344131137,1.18676522187081,1.18356053977153,TRUE
802,719.518904802025,0.629598514813324,0.834526229265293,0.832057660772281,TRUE
803,720.077172284243,0.558267482218639,0.736009142028024,0.733820252624931,TRUE
804,720.542608111524,0.465435827280885,0.628631297142306,0.626806387788628,TRUE
805,721.201560293615,0.658952182090843,0.877789757175719,0.87520609702272,TRUE
806,721.868865524252,0.667305230636771,0.861362529865119,0.858746118566784,TRUE
807,722.060130824407,0.191265300155237,0.267349455774593,0.2665995310485,TRUE
808,722.598047548571,0.537916724163551,0.778586936346414,0.776477839444354,TRUE
809,723.5204158714,0.922368322829129,1.20116343048369,1.19754695216121,TRUE
810,723.983605776758,0.463189905358036,0.597108909377312,0.595292805972133,TRUE
811,725.254035979738,1.27043020298004,1.50557506180837,1.50059388110693,TRUE
812,725.349600459129,0.0955644793907595,0.123622327391786,0.123247632316552,TRUE
813,726.111261736854,0.761661277725466,1.01808877361373,1.01510240533568,TRUE
814,727.088412469719,0.977150732864629,1.18850941676828,1.18467814421074,TRUE
815,728.919483175954,1.83107070623498,1.94279849190184,1.9356191175108,TRUE
816,729.826139026812,0.906655850858442,0.985202544945196,0.981647673047034,TRUE
817,730.820118138227,0.99397911141466,1.1112049008002,1.10730764650335,TRUE
818,731.225723053022,0.405604914794935,0.49453996304851,0.492949642408108,TRUE
819,732.076407682316,0.850684629294278,1.04914769800405,1.04581228150614,TRUE
820,732.432716602635,0.356308920319293,0.461228158189101,0.459831120308953,TRUE
821,732.468720805917,0.0360042032821184,0.0546376512613733,0.0544964837717,TRUE
822,732.569210376268,0.100489570350078,0.178061736897689,0.177667731223587,TRUE
823,732.734337143297,0.165126767029506,0.318832787705674,0.318185348544285,TRUE
824,732.880700899851,0.146363756554479,0.298981845091475,0.298407973092974,TRUE
825,732.884063647952,0.0033627481008125,0.00761005904075773,0.00759687417164465,TRUE
826,733.003162300818,0.119098652865887,0.293727292196195,0.293260322889394,TRUE
827,733.243051253462,0.239888952643923,0.584095450348627,0.583154879022003,TRUE
828,734.225676210951,0.982624957489065,1.80402880364818,1.8001760674148,TRUE
829,734.525738846431,0.300062635480231,0.46590975133563,0.464733247340705,TRUE
830,734.597733112326,0.0719942658948867,0.123854194521982,0.12357191498624,TRUE
831,736.087261280191,1.48952816786448,2.06518979868451,2.05934956523712,TRUE
832,736.536803648154,0.449542367963204,0.562193350549819,0.560430757246757,TRUE
833,738.533958479041,1.99715483088733,2.17455024723483,2.16671968001589,TRUE
834,738.786855856696,0.252897377654904,0.299341250633233,0.298349675075547,TRUE
835,740.118094716708,1.33123886001181,1.53785543939432,1.53263583637878,TRUE
836,742.416258940669,2.29816422396061,2.31026107310277,2.30125028978362,TRUE
837,742.556308161275,0.140049220605874,0.165409437518406,0.164860323939952,TRUE
838,743.088227686294,0.531919525019362,0.69947641339354,0.697390830677911,TRUE
839,743.244563756073,0.156336069778831,0.226621222736185,0.22600825068003,TRUE
840,743.777303206165,0.532739450092208,0.794576469192862,0.79248767166469,TRUE
841,744.51630211938,0.738998913215141,1.0105796933135,1.00768218102494,TRUE
842,744.864342719815,0.34804060043507,0.479624369554017,0.478259750609867,TRUE
843,748.517891942385,3.65354922256995,3.73083707767182,3.71651201767517,TRUE
844,748.613613454644,0.0957215122587058,0.112247163102438,0.111871852323099,TRUE
845,748.893637823659,0.280024369014882,0.387849066397052,0.386751129666959,TRUE
846,749.21752079505,0.323882971390844,0.483136198497277,0.481866298267548,TRUE
847,750.075615458922,0.858094663872521,1.18314785836697,1.17978338815076,TRUE
848,750.113820827702,0.0382053687802681,0.0559198907355949,0.055770092781159,TRUE
849,750.730266500273,0.616445672570762,0.925870912685241,0.923453914663235,TRUE
850,753.071691816697,2.34142531642385,2.5898454473089,2.58066504324366,TRUE
851,753.527644837828,0.455953021130654,0.519680509389673,0.517892780804273,TRUE
852,755.737426104789,2.20978126696127,2.30278225781956,2.29411801182195,TRUE
853,756.773591248454,1.03616514366558,1.10029591796183,1.09623325808092,TRUE
854,756.867354611516,0.0937633630617256,0.1182534457987,0.117885812650897,TRUE
855,757.045749118422,0.178394506906329,0.266296789388434,0.265597329258345,TRUE
856,758.295765964754,1.25001684633128,1.64380227059564,1.63890112783564,TRUE
857,759.3861816075,1.09041564274605,1.24705229254801,1.24277692398115,TRUE
858,759.928161457826,0.541979850326356,0.647738421515214,0.645613393658756,TRUE
859,763.871108999385,3.94294754155908,3.83531392011355,3.8198541694285,TRUE
860,764.632235575948,0.761126576563242,0.815840171012837,0.812855899223925,TRUE
861,764.743337255941,0.11110167999243,0.142608874326129,0.142173260041315,TRUE
862,765.693174014813,0.949836758871697,1.22062065611044,1.21689647785829,TRUE
863,766.258141241042,0.5649672262291,0.709406419594416,0.707191261423868,TRUE
864,767.06352295552,0.805381714478472,0.998727272259202,0.995569482209778,TRUE
865,768.255652795731,1.19212984021124,1.36682490216242,1.36215072632832,TRUE
866,768.696879066963,0.44122627123204,0.532862710139739,0.531132723099068,TRUE
867,769.691541178624,0.994662111660318,1.19193338426226,1.18803345201612,TRUE
868,771.668580785861,1.97703960723709,2.06651703092905,2.05876533271339,TRUE
869,772.536461126993,0.867880341131695,0.941692349726736,0.93828951122662,TRUE
870,773.562301927552,1.02584080055919,1.14423705164188,1.14021487207899,TRUE
871,774.143092044062,0.580790116510343,0.686944200762014,0.684667003232259,TRUE
872,774.526144093452,0.383052049390244,0.496340851466812,0.494838957485075,TRUE
873,774.602186087071,0.0760419936185599,0.113823867846008,0.113525717731013,TRUE
874,775.045995785084,0.443809698012728,0.701059783065489,0.699319666766561,TRUE
875,775.207987207428,0.161991422344272,0.266684010575887,0.266048864666345,TRUE
876,775.401737640114,0.193750432686556,0.345393728304316,0.344634059718091,TRUE
877,775.730911767659,0.329174127544889,0.592669630716273,0.591378984596796,TRUE
878,776.06171106159,0.330799293930227,0.580570278988603,0.579273260817032,TRUE
879,776.587542978526,0.525831916936909,0.859460712387545,0.857398998339259,TRUE
880,778.174732689742,1.58718971121539,1.97560710429218,1.96938395347248,TRUE
881,779.812824335802,1.63809164606039,1.72298239100326,1.71655966075376,TRUE
882,789.104937057615,9.29211272181306,8.27658243070948,8.24014934492721,TRUE
883,789.501607193946,0.396670136330272,0.442362344003641,0.440807055390938,TRUE
884,790.093829046875,0.592221852929583,0.729352916853486,0.727030897070055,TRUE
885,790.230332548712,0.136503501837296,0.190043471177432,0.189508259870714,TRUE
886,791.238670543286,1.00833799457394,1.33765814018921,1.33370458670211,TRUE
887,791.537921886561,0.299251343274591,0.39775390111447,0.396580578083811,TRUE
888,791.625733299104,0.0878114125425782,0.134963055618869,0.13461875924391,TRUE
889,794.499325379171,2.87359208006728,3.23080577183669,3.21953881566744,TRUE
890,794.646072538742,0.146747159570964,0.173411350379638,0.172835975111062,TRUE
891,794.66546347824,0.0193909394979528,0.0285508510680756,0.0284748218825418,TRUE
892,796.468506895251,1.80304341701174,2.22395461494887,2.21688513167334,TRUE
893,796.743992649854,0.2754857546023,0.336327932664403,0.335247791212217,TRUE
894,796.776306391385,0.0323137415307428,0.0477229755289272,0.0475962778281587,TRUE
895,797.24016476049,0.463858369105651,0.728009301846782,0.72619057748792,TRUE
896,797.432092116164,0.191927355673329,0.310780105535514,0.310027584981518,TRUE
897,798.677592662962,1.24550054679833,1.70763883565382,1.70275540067818,TRUE
898,798.873278109248,0.195685446286575,0.262377425998011,0.261610170491718,TRUE
899,798.878365520291,0.00508741104295041,0.00818623759221282,0.00816629055880002,TRUE
900,799.358232107062,0.479866586770981,0.801676356682037,0.799794866320988,TRUE
901,800.229265027892,0.871032920829407,1.24121667663712,1.23780147730907,TRUE
902,800.805745160541,0.576480132649522,0.760304221806223,0.758043923125677,TRUE
903,803.184252189481,2.37850702893957,2.53518159983082,2.52585580351158,TRUE
904,803.643958698015,0.459706508533941,0.520840140868586,0.519037695379438,TRUE
905,804.444934668004,0.80097596998894,0.957750589024727,0.954610073288661,TRUE
906,804.511433177314,0.0664985093097812,0.0905505390273902,0.0902898075913208,TRUE
907,805.205361096784,0.693927919470298,0.973619714902838,0.97089891973239,TRUE
908,808.720119056292,3.5147579595083,3.55311069075231,3.53932981205697,TRUE
909,809.94494299994,1.22482394364783,1.26206416361958,1.25726179873841,TRUE
910,810.336556017814,0.391613017874306,0.460286042051848,0.458750581699524,TRUE
911,810.917477981566,0.580921963751962,0.736537324031701,0.73425960954719,TRUE
912,812.919168943193,2.00169096162722,2.16878993024113,2.16094157748241,TRUE
913,815.3541671499,2.4349982067065,2.37960516437477,2.37005787397908,TRUE
914,815.669874462044,0.315707312144013,0.360937331150012,0.359699486546768,TRUE
915,815.966142124604,0.296267662559671,0.393218754029249,0.392057129597034,TRUE
916,816.60006449431,0.633922369706852,0.85901672489365,0.856531203165032,TRUE
917,816.706813757707,0.106749263396978,0.157098010054824,0.15667946099209,TRUE
918,817.360538417016,0.653724659308637,0.965791357719581,0.9632281939587,TRUE
919,820.008816181595,2.64827776457935,2.84253949550703,2.83215596553265,TRUE
920,820.596818085556,0.588001903960276,0.652474534812882,0.650169060864332,TRUE
921,821.656370873879,1.05955278832346,1.20386422771116,1.19970986811787,TRUE
922,823.160632769444,1.50426189556492,1.60657227525462,1.6006742729035,TRUE
923,823.713866699627,0.5532339301825,0.634540011345734,0.632370857802355,TRUE
924,824.197966755998,0.484100056371517,0.608019869061422,0.606121779852971,TRUE
925,824.596319787678,0.398353031679562,0.53635323249182,0.534791345479758,TRUE
926,824.608049240229,0.0117294525517764,0.0182736811433415,0.0182276915859834,TRUE
927,824.833317999952,0.225268759722894,0.39429045924976,0.393407211672728,TRUE
928,825.355839494915,0.522521494962689,0.873072380714575,0.871023646371914,TRUE
929,825.595145582781,0.239306087865771,0.393268496189194,0.39233021019456,TRUE
930,826.259193286328,0.664047703546998,1.02485792854475,1.02225428955853,TRUE
931,826.348241003481,0.0890477171528801,0.141347547711462,0.14099840395752,TRUE
932,828.395535207425,2.0472942039446,2.51720109577604,2.50917393902635,TRUE
933,835.232581619586,6.83704641216104,6.19130131202485,6.1644942008878,TRUE
934,835.379969163068,0.147387543481614,0.170287436419471,0.16970955029436,TRUE
935,835.778353713162,0.398384550094534,0.530085174290775,0.528523163699378,TRUE
936,835.986221175519,0.207867462356148,0.305436039489791,0.304621019987328,TRUE
937,836.119924662344,0.133703486825652,0.221142118084572,0.220617885248537,TRUE
938,836.823780680591,0.703856018246825,1.10302247330105,1.10026275143167,TRUE
939,837.241072644775,0.41729196418396,0.610367353787865,0.608731209847028,TRUE
940,837.293931048681,0.0528584039060433,0.0857498240510495,0.0855425735772899,TRUE
941,837.749019040735,0.455087992053564,0.762251229339086,0.760466892412775,TRUE
942,837.761589631534,0.0125705907992142,0.0224654620543561,0.0224161745105398,TRUE
943,838.701370337635,0.939780706101487,1.50265200390459,1.49896725404124,TRUE
944,839.582196579803,0.880826242167586,1.14343439044785,1.13998079286451,TRUE
945,839.99709140861,0.414894828807064,0.541387461807403,0.539760716702055,TRUE
946,840.029457786378,0.0323663777680849,0.048997605012346,0.048870700932188,TRUE
947,841.937796780206,1.90833899382744,2.35071357185143,2.34323123921672,TRUE
948,842.440396599755,0.502599819549346,0.588230063882179,0.586259439666998,TRUE
949,842.785685419374,0.345288819618986,0.451602414389185,0.450248584796126,TRUE
950,842.862721137046,0.0770357176718335,0.11663527204098,0.116333225671736,TRUE
951,844.066236225576,1.20351508853048,1.6310412596996,1.62632244388522,TRUE
952,846.209464862609,2.14322863703285,2.24850391089899,2.2401006085369,TRUE
953,846.900178347369,0.690713484759613,0.762219762108998,0.759511570291421,TRUE
954,848.409503884606,1.50932553723771,1.62549366873861,1.61957581255049,TRUE
955,852.624094171064,4.21459028645779,3.93728812055406,3.9207632963251,TRUE
956,855.175945692346,2.55185152128206,2.44269323441415,2.43268777837182,TRUE
957,855.477805417097,0.301859724751012,0.344595264383656,0.343411714250838,TRUE
958,855.76271938321,0.284913966112981,0.379204520598591,0.378087412436139,TRUE
959,856.506456937835,0.743737554624886,0.989888363755199,0.986972271910603,TRUE
960,858.225138321382,1.71868138354716,1.91470459500442,1.90796588356669,TRUE
961,859.54036022151,1.31522190012754,1.38908168072953,1.38392487799321,TRUE
962,859.803780190481,0.263419968971107,0.317199900520905,0.316167067341453,TRUE
963,861.339319563384,1.53553937290337,1.74502194691956,1.73900130991591,TRUE
964,863.177969141467,1.83864957808271,1.88271377509716,1.87550468500029,TRUE
965,863.393208286716,0.215239145248802,0.254519082690308,0.253675159841186,TRUE
966,863.63455509121,0.241346804493901,0.334444082382106,0.333497795020486,TRUE
967,863.662269611512,0.027714520302311,0.0450260019247253,0.0449173371327864,TRUE
968,865.061690026465,1.39942041495271,1.9226685397465,1.91718160630629,TRUE
969,865.568104785753,0.50641475928785,0.63049165652717,0.628506074462153,TRUE
970,866.017811712624,0.449706926871613,0.595010475518166,0.593247237002437,TRUE
971,866.758071271334,0.740259558709795,0.963209584498031,0.960307129393251,TRUE
972,866.865463393783,0.107392122449369,0.152315813714608,0.151894744090652,TRUE
973,867.47234712226,0.60688372847676,0.884668632082821,0.882289125118,TRUE
974,868.149627233618,0.677280111357618,0.916867794966493,0.914212273543706,TRUE
975,872.006211949409,3.85658471579154,3.82615367929452,3.8110325452765,TRUE
976,872.363357852222,0.35714590281259,0.402028738869717,0.400628419297246,TRUE
977,872.592160245206,0.228802392984448,0.303918237230278,0.303021134767108,TRUE
978,873.054176071751,0.46201582654453,0.6551120145906,0.653300514585682,TRUE
979,873.50395898911,0.44978291735913,0.64250906978998,0.640745533326085,TRUE
980,874.271592532133,0.767633543022953,1.03331162846916,1.03030184376685,TRUE
981,874.376811886442,0.105219354309156,0.151467524564396,0.151054974063098,TRUE
982,874.470522293108,0.0937104066658776,0.157520961553928,0.157153536040811,TRUE
983,874.688530016952,0.218007723844494,0.39802781107619,0.397173033014213,TRUE
984,874.688959237637,0.000429220684509346,0.000870529921712659,0.000868847006913149,TRUE
985,874.936877900208,0.247918662570783,0.532579792940965,0.531607738234906,TRUE
986,875.393160321144,0.456282420935963,0.891336692973596,0.889547672857225,TRUE
987,875.881421987713,0.48826166656977,0.839076208848383,0.837161802543283,TRUE
988,875.990196766497,0.108774778783641,0.190544159680712,0.190117668852952,TRUE
989,876.001156451809,0.0109596853117182,0.0220510200263107,0.0220080486195851,TRUE
990,876.586710352951,0.58555390114202,1.11762340876112,1.11532753309224,TRUE
991,877.22725763609,0.640547283138972,1.01294924953936,1.01043775244361,TRUE
992,878.878552136056,1.65129449996596,1.98387753304769,1.97740303623839,TRUE
993,879.127417880816,0.248865744760565,0.306014290257053,0.305038522173026,TRUE
994,881.63927705345,2.51185917263376,2.65445624626784,2.64460759468027,TRUE
995,881.813078924553,0.173801871102569,0.20464331595258,0.203961862910783,TRUE
996,884.424849687324,2.61177076277102,2.71844888799308,2.70820849691169,TRUE
997,884.929172173314,0.504322485990542,0.564261287598583,0.562283909047106,TRUE
998,887.101516735435,2.17234456212032,2.25272228131143,2.24420481944352,TRUE
999,887.423709032459,0.32219229702423,0.37249771903862,0.371234447708698,TRUE
1000,888.205541098164,0.781832065705203,0.956837246921395,0.953771791780036,TRUE
1001,889.564344567492,1.35880346932845,1.52501250349337,1.51968482346609,TRUE
1002,891.302702556836,1.73835798934363,1.79825208646162,1.7914362257804,TRUE
1003,891.93287963104,0.630177074204084,0.705608825638365,0.703137988694189,TRUE
1004,893.031767086048,1.09888745500803,1.24384013806616,1.23953155269791,TRUE
1005,895.805460707743,2.77369362169452,2.73657930818763,2.72570404002437,TRUE
1006,896.074231284079,0.268770576336351,0.3084918056893,0.307437993520145,TRUE
1007,896.336008951651,0.261777667571778,0.352401877297325,0.351375483353982,TRUE
1008,896.481226774492,0.145217822841232,0.223060710120762,0.222491331169486,TRUE
1009,896.509855002016,0.0286282275241092,0.0511688171304741,0.0510565698191891,TRUE
1010,896.737862293697,0.228007291680797,0.442171372533949,0.441277387552762,TRUE
1011,896.82142853382,0.0835662401231048,0.172055821089998,0.171728169447572,TRUE
1012,897.053901272691,0.232472738871138,0.496160258035161,0.495248764654603,TRUE
1013,898.191776935352,1.13787566266103,1.85297906938877,1.84851761666338,TRUE
1014,898.492027419865,0.300250484512958,0.428398256955688,0.427221016430748,TRUE
1015,899.265084278249,0.773056858383711,1.0610439771342,1.05801292836421,TRUE
1016,899.465889113718,0.200804835468944,0.285236599705058,0.284449271783502,TRUE
1017,899.730682199149,0.264793085431052,0.413103741747136,0.412065524768406,TRUE
1018,902.058645787216,2.3279635880674,2.70347894623205,2.69435132373744,TRUE
1019,902.506323448558,0.447677661341459,0.514333737257402,0.512578455210493,TRUE
1020,902.738576823468,0.23225337491067,0.30928256537004,0.30837193208516,TRUE
1021,902.83319219247,0.0946153690011897,0.146895374048881,0.146524400303906,TRUE
1022,903.315864560009,0.482672367538953,0.771586932945638,0.769694441507173,TRUE
1023,903.409247511118,0.0933829511097883,0.15680593645402,0.156439794848743,TRUE
1024,906.140182345768,2.73093483465016,3.20807238139764,3.19736476451058,TRUE
1025,906.153223684928,0.0130413391590309,0.0158977185594722,0.0158465852765987,TRUE
1026,906.732863464739,0.579639779811373,0.781194526610989,0.778921839391955,TRUE
1027,906.806111035663,0.0732475709240816,0.109235992759295,0.108948799188284,TRUE
1028,907.86850098996,1.06238995429669,1.46449495340903,1.46032946968128,TRUE
1029,908.097656462087,0.229155472127331,0.312258198399604,0.311359711562064,TRUE
1030,908.672475122437,0.574818660350388,0.807957807628782,0.805704023350785,TRUE
1031,909.428769398158,0.756294275720279,0.995316187426852,0.992350862419625,TRUE
1032,909.679320354126,0.250550955968151,0.345247239073615,0.344264863510069,TRUE
1033,911.37815824321,1.69883788908442,2.00677093709078,2.00011002924386,TRUE
1034,911.407682121429,0.0295238782188108,0.0375491300651447,0.0374333710316532,TRUE
1035,912.121464928904,0.7137828074749,0.960769040782907,0.957970397349148,TRUE
1036,912.161273709759,0.03980878085531,0.0586810935565154,0.0585250088456203,TRUE
1037,912.573875639906,0.412601930146593,0.654305589515161,0.652687834547588,TRUE
1038,912.916192289703,0.342316649797226,0.541185314400082,0.53984313827285,TRUE
1039,913.619898633191,0.703706343488079,1.03171821703768,1.02895908202227,TRUE
1040,915.334623254607,1.71472462141583,1.97797153362831,1.97124833610635,TRUE
1041,915.575369090258,0.240745835650728,0.292420706028679,0.291476774982578,TRUE
1042,919.296018000397,3.72064891013906,3.69972146693999,3.68513331837066,TRUE
1043,919.389019960698,0.0930019603008532,0.108945589729956,0.108580941936822,TRUE
1044,919.592642957213,0.203622996515037,0.286808370616882,0.286009993076556,TRUE
1045,920.205433291425,0.612790334212377,0.875037202787098,0.872634536840042,TRUE
1046,920.358132878454,0.152699587028792,0.229669447681545,0.229070733770113,TRUE
1047,921.13236615657,0.774233278115616,1.12094568091538,1.11791001956672,TRUE
1048,921.709898522725,0.577532366155083,0.776621631419857,0.774357207077611,TRUE
1049,922.89586928341,1.18597076068511,1.43000463488511,1.42535460794798,TRUE
1050,923.882342514069,0.986473230659726,1.12062086113656,1.11675303635757,TRUE
1051,924.462943239735,0.580600725666045,0.692716988654411,0.6904405336999,TRUE
1052,924.808082007528,0.34513876779215,0.452510909730336,0.451157668469687,TRUE
1053,926.525769847874,1.71768784034668,1.96718511289623,1.96045029700365,TRUE
1054,926.680692215568,0.154922367694098,0.190674050167218,0.19006662104095,TRUE
1055,926.702631475109,0.0219392595404315,0.0332135379192096,0.0331275171240722,TRUE
1056,927.040003084543,0.337371609433831,0.558398455750421,0.557075668440905,TRUE
1057,928.154679468982,1.1146763844398,1.54538324469627,1.54101275312459,TRUE
1058,928.16060512496,0.00592565597810335,0.00846715528223285,0.00844392160663831,TRUE
1059,928.261872064505,0.101266939544303,0.17213435174358,0.171737298112637,TRUE
1060,929.774222870201,1.51235080569597,2.06537359178174,2.05944387393539,TRUE
1061,930.068274156169,0.294051285967953,0.375805253004955,0.374652318678092,TRUE
1062,930.265779808685,0.197505652515815,0.287855267453324,0.287080875170748,TRUE
1063,932.40411231801,2.13833250932566,2.48085770326747,2.47247359794335,TRUE
1064,932.70723778442,0.30312546640971,0.358141417473917,0.356952904543529,TRUE
1065,934.661317771993,1.95407998757275,2.11514311653741,2.10748143980747,TRUE
1066,934.965823360083,0.304505588090706,0.35761488414505,0.356420959948883,TRUE
1067,935.05157067741,0.0857473173260814,0.121361512579369,0.121025309235602,TRUE
1068,935.159553534311,0.107982856901913,0.179107322299842,0.178683936487992,TRUE
1069,936.714967331425,1.5554137971136,2.08057328711539,2.07447472524967,TRUE
1070,938.989590729107,2.27462339768192,2.32136336447866,2.3124448814758,TRUE
1071,939.865114894714,0.875524165607089,0.941433786827474,0.938000977951282,TRUE
1072,940.741184364578,0.876069469864319,0.991359994324739,0.987925047386152,TRUE
1073,941.511930540066,0.770746175487602,0.899537721473052,0.896515732570359,TRUE
1074,942.414815136543,0.90288459647752,1.05369965085242,1.05015956551987,TRUE
1075,944.849275357167,2.43446022062358,2.47006654814686,2.46052136712002,TRUE
1076,945.061362973646,0.212087616479153,0.247347258220771,0.246515692079046,TRUE
1077,946.068848202333,1.00748522868639,1.20886946454084,1.20491925463056,TRUE
1078,946.603533864905,0.534685662572656,0.654319452333084,0.652223023975588,TRUE
1079,946.89902553621,0.295491671304831,0.398488205274589,0.397329623396506,TRUE
1080,948.123671610143,1.22464607393283,1.51504278349921,1.51024111602054,TRUE
1081,950.098323630571,1.97465202042815,2.05627728624472,2.04853494942594,TRUE
1082,950.283421870479,0.185098239908257,0.21985079463343,0.219125050095604,TRUE
1083,950.405831510151,0.122409639671559,0.17549376958732,0.175013818360268,TRUE
1084,951.18397470612,0.778143195969619,1.09862897156404,1.09557797996951,TRUE
1085,952.49798956755,1.31401486142909,1.55570121570759,1.55054914560266,TRUE
1086,952.928729886007,0.430740318457083,0.522316039085581,0.520627166012034,TRUE
1087,952.929473256031,0.000743370024224532,0.00108012631426391,0.00107721166345506,TRUE
1088,955.553106275291,2.62363301925973,2.97042118671402,2.96013428536945,TRUE
1089,956.355593231248,0.802486955957193,0.873169801357108,0.870023361254534,TRUE
1090,956.620376474647,0.264783243398938,0.331392668252875,0.330354489863388,TRUE
1091,957.755084380237,1.13470790559074,1.37709476846771,1.37264573607865,TRUE
1092,957.795843576139,0.0407591959015008,0.0544365252403622,0.0542767140838305,TRUE
1093,959.001885524281,1.20604194814223,1.53307128290908,1.52834255962847,TRUE
1094,959.80028965463,0.798404130349013,0.942467962556748,0.939337530647367,TRUE
1095,959.838059971823,0.0377703171928943,0.0514473028010798,0.0512992106236052,TRUE
1096,960.099266352006,0.261206380183353,0.407116080182732,0.40609192617804,TRUE
1097,960.431390622891,0.332124270884492,0.536099841899158,0.534797628676636,TRUE
1098,960.587638808142,0.156248185250774,0.267553534346234,0.26694090687313,TRUE
1099,960.886526207788,0.298887399646333,0.53205558449622,0.530883688438072,TRUE
1100,961.275141244249,0.388615036461147,0.67027963202986,0.668755926347036,TRUE
1101,961.591016760448,0.315875516199299,0.533642837711795,0.532404333603769,TRUE
1102,963.402686940545,1.81167018009671,2.28576638653294,2.27866307891532,TRUE
1103,966.840235055206,3.43754811466067,3.29557052925111,3.28209237965353,TRUE
1104,967.387924107793,0.547689052587543,0.601998455984585,0.599851043137549,TRUE
1105,967.608309112748,0.220385004954551,0.284702066723639,0.283837967672001,TRUE
1106,968.271330408323,0.663021295575277,0.888254174703434,0.885654560120578,TRUE
1107,968.578229082699,0.306898674376157,0.426508263232563,0.425304956076832,TRUE
1108,968.613879257329,0.0356501746291542,0.0572432036733517,0.0571034242809463,TRUE
1109,969.240261910748,0.626382653419796,0.999829564706033,0.997373605159718,TRUE
1110,969.400468911926,0.160207001177696,0.256254259043089,0.255626109601561,TRUE
1111,969.531726531281,0.131257619354528,0.233536987735988,0.233022344807228,TRUE
1112,970.14181865358,0.610092122299648,1.02831459453273,1.02592250790052,TRUE
1113,970.319540453821,0.177721800240988,0.29338754625951,0.292690723718995,TRUE
1114,971.74877044043,1.42922998660879,1.92412057658362,1.91851676394556,TRUE
1115,971.81993353726,0.0711630968295367,0.0954810757798441,0.0952020551427788,TRUE
1116,972.389550411096,0.569616873836253,0.812162030793843,0.809928641999625,TRUE
1117,973.20727517815,0.817724767054528,1.07236766045594,1.06916147500853,TRUE
1118,973.664048415001,0.456773236850722,0.59797239241675,0.596181447879222,TRUE
1119,973.999781790843,0.335733375842437,0.470385850226876,0.469069486204157,TRUE
1120,974.096552826767,0.0967710359238936,0.1528459692463,0.152466543430169,TRUE
1121,974.607184976375,0.510632149607432,0.819779866593763,0.817777748725975,TRUE
1122,976.532659098164,1.92547412178931,2.28908419436812,2.28153467727218,TRUE
1123,979.767007839744,3.23434874158011,3.09773441475249,3.08505298172649,TRUE
1124,981.516955415856,1.74994757611137,1.73996543513545,1.73310413329122,TRUE
1125,981.517158458872,0.000203043015972071,0.000248154678274659,0.000247358574757637,TRUE
1126,981.692783223108,0.175624764236318,0.259773425136018,0.259084824782958,TRUE
1127,981.83576567169,0.142982448581847,0.238471739103716,0.237911124745012,TRUE
1128,982.170779912587,0.335014240897067,0.580627838325199,0.579314293930905,TRUE
1129,982.396298725349,0.225518812762061,0.397196216382554,0.396311988382221,TRUE
1130,982.830097528065,0.433798802716183,0.745744071317631,0.744043206351313,TRUE
1131,983.491997709834,0.661900181769283,1.01139397381166,1.00879875496062,TRUE
1132,983.58249106984,0.0904933600056665,0.142789477733686,0.142434665814533,TRUE
1133,983.707560884405,0.12506981456545,0.224073119767809,0.223582738363789,TRUE
1134,983.863458157626,0.155897273220603,0.30264427361135,0.302033022015667,TRUE
1135,984.010344809272,0.146886651646355,0.30203594950035,0.301460027302685,TRUE
1136,984.761276739537,0.750931930264528,1.34112711009379,1.3381828100997,TRUE
1137,984.920305050148,0.159028310611006,0.265254317221888,0.264630789262666,TRUE
1138,986.009801996923,1.08949694677551,1.57161545969029,1.56734369320298,TRUE
1139,986.074746254459,0.0649442575353305,0.0934532569222029,0.0931986194918695,TRUE
1140,987.487570738824,1.41282448436539,1.80538022297924,1.79984073404113,TRUE
1141,987.5936139584,0.10604321957544,0.138908760757431,0.13849297999464,TRUE
1142,987.732893675477,0.139279717077784,0.215456212127037,0.214910115665238,TRUE
1143,988.457603925989,0.724710250511635,1.08171208536533,1.07887059694233,TRUE
1144,988.56428577602,0.106681850031123,0.163522233108552,0.163103948364279,TRUE
1145,989.20981098855,0.645525212529833,0.980977487938844,0.978446473072063,TRUE
1146,989.231035270919,0.0212242823691895,0.0341347065482296,0.0340514890794608,TRUE
1147,989.369464960242,0.138429689322834,0.25460796836478,0.254065204743965,TRUE
1148,990.067705695923,0.698240735681338,1.17445544619,1.17171774106508,TRUE
1149,990.458617504405,0.390911808481519,0.59844691113949,0.596914200131984,TRUE
1150,990.7277819875,0.269164483095551,0.425944674231459,0.42488931760851,TRUE
1151,991.44198167672,0.71419968921964,1.05884945891466,1.05604918094538,TRUE
1152,991.680945971949,0.238964295229266,0.353441415865973,0.352504469992883,TRUE
1153,993.299156705617,1.61821073366798,1.99313998889806,1.98679520894989,TRUE
1154,995.548664993678,2.2495082880605,2.26743575025057,2.25861574011074,TRUE
1155,995.756071891271,0.207406897593273,0.242642429454918,0.24182921576304,TRUE
1156,996.28229248646,0.52622059518842,0.684098052361833,0.682034814360006,TRUE
1157,996.935871861564,0.653579375104414,0.848695303144723,0.846132709023065,TRUE
1158,997.620001759898,0.684129898333708,0.8708369073222,0.868154528834292,TRUE
1159,997.72330902098,0.103307261082477,0.145974292322308,0.145569238873471,TRUE
1160,997.865725211412,0.142416190432414,0.232857312444366,0.232298918305364,TRUE
1161,998.523736738135,0.658011526722021,1.03299884744592,1.03041887547222,TRUE
1162,998.655288160989,0.131551422854841,0.208723812921107,0.208208018029554,TRUE
1163,998.681064697749,0.0257765367596221,0.0474326994765306,0.0473316332493928,TRUE
1164,998.853510237639,0.172445539889623,0.348943032113084,0.34826689705794,TRUE
1165,998.928918689531,0.0754084518920308,0.163591034973479,0.163295368887763,TRUE
1166,999.273886942716,0.344968253185243,0.739890945131037,0.738538372434523,TRUE
1167,999.627884133492,0.353997190776454,0.694321391368931,0.692933417459836,TRUE
