"event_index","event_time","compensator","rescaled_gap"
1,1.13781815273093,0.951458363156445,0.951458363156445
2,1.45163533231442,1.30897106141765,0.357512698261203
3,1.79572431804253,1.76306797548816,0.454096914070509
4,2.76032611499128,2.95486270709219,1.19179473160403
5,2.80156718808529,3.01170559741751,0.0568428903253224
6,3.84909203557774,4.36936519784211,1.3576596004246
7,4.68709774753239,5.3443805992768,0.975015401434689
8,5.51392502842116,6.29539022090749,0.951009621630686
9,5.94922330769549,6.83238897649562,0.536998755588139
10,6.16721064045498,7.13801208626692,0.305623109771298
11,12.068196099016,12.6527904259952,5.51477833972827
12,14.7527868263648,15.1490680832129,2.49627765721776
13,14.7759674547319,15.1772460236784,0.0281779404654507
14,15.2423107708007,15.8204594530768,0.64321342939837
15,16.4640205297501,17.2693105824598,1.44885112938305
16,17.4768157478573,18.3802377406597,1.11092715819986
17,18.0430484392698,19.0421224645123,0.661884723852676
18,18.3148724336091,19.4017974939126,0.359675029400293
19,19.0777834706939,20.3939572027663,0.99215970885362
20,19.2704235133381,20.66054788168,0.266590678913772
21,19.7080373700419,21.3010346741637,0.640486792483703
22,21.8534720908054,23.6295221240804,2.32848744991668
23,22.5748764109157,24.4160902186352,0.786568094554781
24,23.7957987210361,25.7314314173238,1.31534119868859
25,25.4707004493462,27.4196715708362,1.68824015351244
26,26.013081241507,28.0290502642023,0.609378693366118
27,27.0571383860961,29.2031691482084,1.17411888400606
28,28.1049637273237,30.3455009578288,1.14233180962038
29,29.1328952141007,31.4612448940595,1.11574393623075
30,29.4602063660104,31.8607365376368,0.399491643577278
31,29.8281846359343,32.3607264266215,0.499989888984693
32,30.7561513574239,33.5263767853738,1.16565035875227
33,30.8148092677554,33.6077046577592,0.0813278723854722
34,30.9510464280369,33.833358294082,0.225653636322718
35,31.9371136808243,35.2385912965567,1.40523300247474
36,32.616847558898,36.0810124043734,0.84242110781674
37,33.5866369415753,37.20752702869,1.12651462431658
38,34.9300344600939,38.6370901780044,1.42956314931439
39,35.8914317924332,39.6722772526646,1.03518707466016
40,37.3166002125696,41.1536336303212,1.4813563776566
41,40.0831486843185,43.7583054956961,2.60467186537491
42,40.4180466943122,44.1403233240511,0.382017828355032
43,40.4643297927138,44.206494950805,0.0661716267539276
44,40.7679500385915,44.6933002235757,0.486805272770688
45,40.9563772611464,45.0131001114918,0.319799887916069
46,41.8523287344787,46.3210204666414,1.30792035514956
47,43.6452580650708,48.246375679889,1.92535521324767
48,45.0256091009646,49.651654646266,1.40527896637694
49,45.2016490613647,49.8661523721289,0.214497725862913
50,46.414906642763,51.2829123256824,1.41675995355352
51,47.1883088210542,52.1588126147351,0.875900289052694
52,48.0990275008807,53.1891814542598,1.03036883952466
53,49.7171691841498,54.8608780148208,1.67169656056106
54,49.7778913166602,54.9364024104945,0.0755243956737033
55,53.8728064505828,58.8789539740922,3.94255156359766
56,54.735828386918,59.7861481438209,0.90719416972869
57,55.3914386501033,60.5379474810576,0.751799337236747
58,55.4910015315018,60.6732975099773,0.13535002891966
59,55.8735433133805,61.2457282411943,0.572430731216969
60,56.3405869936785,61.9296086300459,0.683880388851655
61,56.6729994834482,62.4215197972095,0.491911167163636
62,57.1599073031017,63.133102906884,0.711583109674443
63,57.4092120805068,63.5095675722745,0.376464665390486
64,57.7351170373091,64.0241478022327,0.51458022995822
65,58.496799471197,65.0983368287663,1.07418902653363
66,58.5347471625591,65.1554940153494,0.0571571865830833
67,59.2993360120744,66.2665842479977,1.11109023264825
68,61.3087642776126,68.4032680550166,2.13668380701897
69,62.2962635387583,69.4446121553221,1.04134410030549
70,62.7485243420479,69.979495425613,0.534883270290919
71,62.7513097197438,69.9835540658409,0.0040586402278393
72,63.5344051376762,71.1014683144896,1.11791424864869
73,63.6719238206627,71.3026187144829,0.201150399993352
74,63.8780142689691,71.6426024929607,0.339983778477816
75,63.9697729645926,71.8115352159175,0.168932722956797
76,64.5069704844815,72.7489143841443,0.937379168226741
77,65.0565132246842,73.5748103695784,0.825895985434087
78,67.4837726890839,76.1376912089583,2.56288083937999
79,69.1478477870785,77.7773270020206,1.6396357930623
80,70.3443406247143,79.0095343904251,1.23220738840446
81,70.4914581779386,79.1919403327587,0.182405942333574
82,71.1209481458484,80.0215127626897,0.829572429930991
83,71.7163472422181,80.784830909512,0.763318146822328
84,72.9437415639893,82.1829945638179,1.39816365430593
85,78.7697463391467,87.3831637671161,5.2001692032982
86,80.6980756121813,89.2370512537238,1.85388748660763
87,81.9804721857814,90.5396645830974,1.30261332937366
88,82.7844238346681,91.4183430087542,0.878678425656787
89,83.820349976619,92.5562307969964,1.13788778824215
90,86.1911832055497,94.8598391534312,2.30360835643485
91,87.8607741182243,96.4995108607915,1.63967170736032
92,87.8886891596467,96.5341225831134,0.0346117223218698
93,89.3336220275127,98.2041176279686,1.66999504485516
94,90.3271491631768,99.2796868592439,1.07556923127534
95,90.6901249230728,99.7199846369095,0.440297777665634
96,92.4024318041743,101.564820551494,1.84483591458452
97,92.7169491230305,101.936349686593,0.37152913509891
98,93.5304462191969,102.9240532114,0.987703524807458
99,94.2192837131813,103.748017531369,0.823964319969008
100,94.838140990869,104.50308975568,0.755072224310396
101,95.0446171698504,104.784894268275,0.28180451259523
102,95.727985131494,105.713628184465,0.928733916189842
103,96.5544863247268,106.729702141616,1.01607395715061
104,98.5991454963254,108.812245139468,2.08254299785281
105,100.330253823249,110.513729011205,1.70148387173685
106,101.521544370642,111.73965887696,1.22592986575529
107,101.826075006847,112.104455690942,0.364796813981116
108,102.944628736473,113.40354320275,1.29908751180888
109,103.093160335116,113.595218589689,0.191675386938329
110,103.924678424481,114.66614717353,1.07092858384108
111,104.740891850322,115.636986657791,0.970839484261433
112,105.563840236237,116.592026112263,0.95503945447156
113,106.65158833108,117.796277777128,1.20425166486524
114,108.248005683169,119.429978181865,1.63370040473684
115,108.734403492082,119.984040825606,0.554062643741034
116,109.274548254449,120.653589469805,0.669548644199267
117,109.618765498941,121.11468125842,0.461091788615221
118,111.477977979101,123.153483834582,2.03880257616197
119,112.274917980648,124.020106117406,0.866622282823698
120,113.183807027533,125.035257105614,1.01515098820826
121,115.314198576601,127.148029210868,2.11277210525398
122,116.199846433854,128.086442826981,0.938413616112911
123,118.094372247875,129.979943181613,1.89350035463141
124,118.252146035317,130.169334369806,0.189391188193639
125,118.262013089121,130.184462752918,0.0151283831116871
126,125.811900671915,137.221812809797,7.03735005687906
127,127.048987478987,138.471306538592,1.24949372879533
128,129.363576925842,140.694344264776,2.22303772618366
129,134.421724795055,145.189710689027,4.49536642425065
130,135.779190162201,146.546691998529,1.35698130950212
131,138.117722062186,148.783612866387,2.23692086785783
132,139.42967117866,150.107841883825,1.32422901743846
133,139.582131595007,150.294724133051,0.186882249225562
134,140.047031619394,150.927576995419,0.632852862368708
135,140.580583170707,151.648237220257,0.720660224837701
136,140.610100015706,151.693618859057,0.0453816388000234
137,140.683186653632,151.828501777697,0.134882918639676
138,142.496773191403,154.185733624566,2.35723184686961
139,142.903528863391,154.669556710191,0.483823085624522
140,142.955806104816,154.745285268444,0.0757285582531608
141,143.126327432832,155.033740710243,0.288455441799215
142,143.3175493228,155.381998380903,0.348257670659336
143,143.328647610607,155.404829999506,0.0228316186030781
144,143.463224038601,155.711366526991,0.306536527485264
145,143.772338367703,156.387074773014,0.675708246023106
146,144.012377048081,156.879456742567,0.492381969553264
147,144.535383751498,157.823357873088,0.943901130520317
148,144.683894398077,158.083621027139,0.260263154050904
149,146.472442901696,160.33189373283,2.24827270569182
150,147.231204810136,161.177912366291,0.846018633460716
151,147.51267998951,161.535266210236,0.357353843944736
152,148.764861633228,162.997476567556,1.46221035732032
153,149.535150837486,163.868293994065,0.870817426509262
154,150.450593817299,164.902944653042,1.03465065897686
155,150.512548001079,164.985378836959,0.0824341839166323
156,150.960104795367,165.638156306634,0.65277746967476
157,151.894295405835,166.833385506286,1.1952291996528
158,152.338549595373,167.395116046724,0.561730540437964
159,153.466551201902,168.71235923888,1.3172431921553
160,153.486888941856,168.739530007979,0.0271707690992571
161,153.965040594822,169.437957089337,0.698427081358147
162,154.778708167523,170.500835600329,1.06287851099162
163,156.50799657512,172.334538739128,1.83370313879919
164,157.566069789032,173.447632980724,1.1130942415958
165,158.235747577711,174.206567575722,0.758934594998635
166,158.743638637216,174.828637732013,0.622070156290903
167,160.187445743108,176.417304192725,1.58866646071212
168,162.896799926081,178.984575229079,2.56727103635316
169,163.080016527284,179.199898498455,0.215323269376228
170,165.725990905537,181.859125343227,2.65922684477221
171,168.823580663788,184.711890026025,2.85276468279753
172,169.058833941149,184.984666497394,0.272776471369468
173,169.330920423793,185.357584205276,0.372917707882124
174,169.804190342928,186.030005085381,0.672420880105278
175,169.853051398387,186.107745999854,0.0777409144725993
176,170.202973960356,186.702669542765,0.594923542911232
177,172.289036032223,189.11713063926,2.41446109649516
178,172.45606680952,189.319889429865,0.202758790604804
179,172.720532736637,189.696821906815,0.376932476949975
180,172.724297084127,189.703198452272,0.0063765454571012
181,173.91160144973,191.386388050289,1.68318959801624
182,173.988168909865,191.493269321901,0.106881271612366
183,174.003404902723,191.519679881729,0.026410559827923
184,174.137075610994,191.784997025306,0.265317143576738
185,174.326636967261,192.17785708217,0.392860056864066
186,174.546952010201,192.63469222614,0.456835143969897
187,175.471321174448,194.125915345319,1.49122311917966
188,176.387660998712,195.264563748835,1.13864840351596
189,176.960153408256,195.963496680598,0.698932931762471
190,177.064016709932,196.11035892046,0.146862239862571
191,177.221088419436,196.369716564007,0.259357643546736
192,177.949853238737,197.471012530791,1.10129596678411
193,178.309132801994,197.981631719039,0.510619188247517
194,180.175890721786,200.063384675805,2.08175295676614
195,180.280121068481,200.192152708945,0.128768033140602
196,181.586974319835,201.717545491427,1.52539278248219
197,182.072764315444,202.292552706003,0.575007214575606
198,183.730385832908,204.059472654901,1.76691994889771
199,183.825342406292,204.17713607273,0.11766341782959
200,184.297946862526,204.828746989585,0.651610916854679
201,186.269801190834,206.959671482905,2.13092449332026
202,189.277621510818,209.755258751709,2.79558726880333
203,191.585907095436,211.936384670068,2.18112591835887
204,192.000940600384,212.404840325146,0.468455655078259
205,192.615664610951,213.157359186205,0.752518861058775
206,193.473036467163,214.173986080767,1.01662689456268
207,193.554320402365,214.284258658763,0.110272577995801
208,193.999939054058,214.940345392857,0.65608673409389
209,194.543986983763,215.704800147786,0.764454754929517
210,195.552113808572,216.940342873665,1.23554272587884
211,195.558924378486,216.94974781705,0.00940494338519215
212,195.988964125444,217.602339549209,0.652591732158271
213,196.160713951077,217.877344771084,0.27500522187475
214,196.739102956032,218.769444407192,0.892099636108554
215,199.608774306515,221.719302404735,2.94985799754258
216,200.012133950769,222.175263559999,0.455961155264248
217,201.235990679196,223.534537880028,1.35927432002916
218,202.564634808001,224.922312850925,1.38777497089657
219,204.977971071635,227.23313671228,2.31082386135571
220,206.096113469897,228.382119873045,1.14898316076483
221,206.166684740434,228.471533104113,0.089413231068022
222,206.392475781309,228.811503739656,0.339970635543068
223,212.314823993739,234.401221847032,5.58971810737575
224,213.594230854019,235.688674726671,1.28745287963858
225,215.053460998854,237.169599636863,1.48092491019281
226,215.370208122363,237.542999326091,0.373399689227426
227,215.467163101136,237.682550463129,0.139551137037927
228,215.581875970092,237.877621230185,0.19507076705645
229,216.211187908074,238.883824317187,1.00620308700155
230,216.315545767542,239.052400933678,0.168576616491634
231,216.551752658016,239.469090412365,0.416689478686976
232,216.583396652956,239.531227297054,0.062136884688158
233,217.041951431581,240.407503027497,0.876275730443268
234,217.226844430411,240.744910730716,0.337407703218958
235,217.494188733126,241.241941418537,0.497030687821166
236,217.592257413548,241.434660736405,0.192719317867784
237,218.363956859828,242.73706749847,1.30240676206492
238,218.39414833923,242.786965467088,0.0498979686183816
239,221.402827986853,246.089607431479,3.30264196439148
240,222.48044467332,247.202221823153,1.11261439167367
241,223.171541938227,247.978605276986,0.776383453833034
242,223.353726419331,248.217793867125,0.239188590139037
243,223.41290238872,248.312272079671,0.0944782125457948
244,225.669705225678,250.920997354508,2.60872527483659
245,225.745131150994,251.013907657856,0.0929103033485603
246,227.162732294626,252.645768144762,1.63186048690625
247,228.194927962792,253.758337115963,1.1125689712008
248,235.830029665581,260.468293886349,6.70995677038556
249,236.071157426124,260.746749633486,0.278455747137627
250,236.373695521414,261.156800301722,0.410050668235272
251,238.162353779613,263.14905534293,1.99225504120875
252,239.09594320511,264.149874301571,1.00081895864105
253,241.033927805568,266.081723017711,1.9318487161396
254,241.740531949002,266.85082001376,0.769096996049257
255,242.134803791957,267.336394059236,0.485574045475346
256,242.429987263067,267.743488885219,0.407094825982881
257,242.672844035249,268.112195505294,0.368706620075557
258,245.15094904863,270.807493548864,2.69529804357006
259,245.757281080501,271.475857347797,0.668363798933285
260,245.910255934878,271.67813753733,0.202280189532758
261,246.11572637072,271.993823100677,0.315685563347131
262,246.214332357862,272.166009589399,0.172186488721479
263,246.379505449534,272.4835065594,0.317496970000946
264,246.395864987366,272.51880520912,0.035298649720005
265,246.511898531884,272.795421815933,0.276616606812809
266,246.526666647202,272.834028897668,0.0386070817358473
267,246.845773020236,273.644594161223,0.810565263554736
268,247.043675614731,274.103840803673,0.459246642449614
269,247.077544918494,274.186885154899,0.0830443512267038
270,247.314747699195,274.776233728902,0.589348574002656
271,247.612107900242,275.447112419999,0.670878691096846
272,250.103857451145,278.52576039082,3.07864797082129
273,251.560979414085,279.993312958716,1.46755256789567
274,251.640436312062,280.091770950239,0.0984579915229347
275,252.784463822665,281.46685465664,1.37508370640091
276,253.790637441948,282.579653210109,1.11279855346874
277,255.552412797543,284.363412268877,1.78375905876885
278,256.354814946733,285.229544706541,0.866132437663509
279,257.282149250545,286.26011439116,1.03056968461942
280,258.121440481465,287.205714875473,0.945600484312479
281,258.367732669483,287.520107900603,0.314393025129959
282,258.772927762212,288.085632244725,0.565524344122309
283,259.068144200742,288.52081800348,0.435185758755324
284,259.25022923395,288.814755968471,0.293937964990789
285,260.399558183431,290.359868230218,1.54511226174651
286,260.717221564655,290.770467010756,0.410598780537953
287,260.767896051425,290.848788561174,0.0783215504187069
288,263.203420625097,293.583901192042,2.73511263086726
289,263.301233315696,293.702824068827,0.118922876785405
290,266.558100541813,296.916972485167,3.21414841634044
291,267.346743805929,297.755538853921,0.838566368753504
292,267.624184597449,298.101007040457,0.345468186536323
293,268.379649238467,299.055564953394,0.954557912936536
294,268.512678232789,299.240582748578,0.185017795184535
295,268.519631464398,299.252488696397,0.0119059478190593
296,268.551782882951,299.318633538158,0.0661448417604902
297,268.829100075097,299.907928417287,0.589294879129056
298,268.904077342197,300.071494261113,0.163565843825609
299,271.205003778619,303.074787631038,3.00329336992576
300,271.695950756445,303.636709487774,0.56192185673558
301,271.916310627147,303.931669276461,0.294959788687379
302,272.781842199237,305.047795203069,1.11612592660754
303,275.282032270565,307.535639455834,2.487844252765
304,277.267801013752,309.448268421771,1.91262896593685
305,278.17381188377,310.40535980986,0.957091388089509
306,278.856605226575,311.184127273678,0.778767463817587
307,279.047169042334,311.435627173731,0.251499900053489
308,279.298809743027,311.81360116973,0.377973995999184
309,281.180523004186,313.976066091895,2.16246492216453
310,281.673129362436,314.540593758752,0.564527666856975
311,281.759500111886,314.660599316953,0.120005558201115
312,281.998076204598,315.040504896257,0.379905579303966
313,283.08662228933,316.496858669934,1.45635377367717
314,285.665344406136,319.037162552449,2.54030388251437
315,287.08904247838,320.460220070747,1.42305751829832
316,289.425688240641,322.693432052907,2.23321198216053
317,290.063499663417,323.388733990624,0.695301937716124
318,290.20486083609,323.574740175572,0.186006184948212
319,290.312591123985,323.745489483753,0.170749308181485
320,290.818140615413,324.549000775734,0.803511291980612
321,291.795132327802,325.82340048447,1.27439970873615
322,291.824183799471,325.864399478832,0.040998994361928
323,293.713354369234,328.041886536892,2.17748705806025
324,294.682064458398,329.076586733155,1.03470019626326
325,295.613533698277,330.099695858625,1.02310912546949
326,295.95901119588,330.523999964787,0.424304106162538
327,296.302160684303,330.993698653835,0.469698689047675
328,296.649875534023,331.498573920148,0.504875266312581
329,296.656285503107,331.509354970813,0.0107810506657984
330,296.907599141745,331.975681783766,0.466326812952047
331,297.780379668259,333.303761330047,1.32807954628174
332,303.15337955102,338.279724248372,4.9759629183248
333,303.216914972346,338.355837263396,0.0761130150236227
334,303.725186278472,339.039481811061,0.683644547665324
335,303.736335052829,339.056766897741,0.0172850866802037
336,304.424598631337,340.101754423794,1.04498752605326
337,305.84970636924,341.751822775657,1.65006835186279
338,306.844003607002,342.829374242453,1.07755146679546
339,307.211636572348,343.275009878797,0.445635636344491
340,308.853716553697,345.056167792526,1.78115791372846
341,310.853937486369,347.009023549748,1.95285575722266
342,312.39605700644,348.542288256933,1.53326470718423
343,315.544542714299,351.456280947226,2.91399269029347
344,317.27871014375,353.145322654334,1.68904170710761
345,320.067462276946,355.748897271073,2.60357461673925
346,320.460916953115,356.19286455136,0.443967280286984
347,321.924199345344,357.772095717176,1.57923116581651
348,322.228857929298,358.136495119229,0.364399402052527
349,322.320343362944,358.269781631985,0.13328651275566
350,322.703516563724,358.870548337116,0.60076670513098
351,324.960856218437,361.359913119848,2.48936478273242
352,325.553088054034,362.017511220784,0.657598100935843
353,326.035745282015,362.610929238529,0.593418017744966
354,327.997196459802,364.665375204006,2.0544459654775
355,328.431834552502,365.161698078776,0.496322874770044
356,328.585484004369,365.372191067756,0.210492988980036
357,328.943590886265,365.909121703111,0.536930635354679
358,329.166817802121,366.263426736924,0.354305033813432
359,329.245433600384,366.404319336841,0.140892599916356
360,329.855782253982,367.429355377494,1.02503604065345
361,329.905318267187,367.513667501951,0.084312124456801
362,330.006297493462,367.711912871641,0.198245369690369
363,330.2034141545,368.120182360611,0.408269488970006
364,331.746136203672,370.28605318732,2.16587082670901
365,332.424312342385,371.078418826442,0.792365639121954
366,334.090967007288,372.825854009697,1.74743518325442
367,334.422267648928,373.214832260384,0.388978250687387
368,335.615161482575,374.571314859861,1.35648259947675
369,336.556135049937,375.606367759959,1.03505290009758
370,337.536399921891,376.684984762769,1.07861700281069
371,338.542055980828,377.785610728498,1.10062596572919
372,338.857472193731,378.173108768598,0.387498040100013
373,339.699639902085,379.208035000766,1.03492623216721
374,340.802284268096,380.443538748358,1.23550374759259
375,342.9670080643,382.572631369211,2.1290926208527
376,345.12395417165,384.634857676423,2.0622263072118
377,347.465059283929,386.851374527637,2.21651685121452
378,348.473950364484,387.90003524971,1.04866072207284
379,349.106630510176,388.620881312018,0.720846062308169
380,350.553737380922,390.166232311442,1.54535099942342
381,350.654595607874,390.29225431809,0.126022006647872
382,350.680669386786,390.33354724332,0.0412929252301524
383,350.845602174923,390.634206505033,0.300659261713633
384,353.935092749365,394.054227187378,3.42002068234433
385,354.609623955754,394.78547971206,0.731252524681963
386,354.838476761789,395.078434475495,0.292954763434921
387,360.144924182636,400.02392876189,4.94549428639505
388,362.474319202677,402.219946937471,2.1960181755818
389,364.878140406462,404.48680813617,2.26686119869817
390,367.147951515037,406.639349490231,2.15254135406104
391,367.400914906907,406.933680460648,0.294330970417036
392,367.699510123359,407.339951708198,0.406271247550649
393,367.779979085784,407.467620108999,0.12766840080053
394,368.974405170473,409.074882833337,1.60726272433863
395,370.46410457096,410.660041011696,1.58515817835848
396,371.626860908788,411.877200447012,1.21715943531638
397,372.659072842641,412.982647638718,1.10544719170548
398,373.061054542586,413.463716586904,0.481068948186589
399,373.782778841104,414.352357411496,0.888640824591164
400,374.585406325807,415.305358988359,0.953001576863073
401,375.809379809088,416.646595886895,1.34123689853647
402,375.859646417598,416.711431953936,0.0648360670410852
403,376.570177230066,417.664319730181,0.952887776244836
404,377.192768196362,418.455141058938,0.790821328756863
405,377.440497825273,418.795710010165,0.340568951226714
406,378.305264491918,419.921271062457,1.1255610522926
407,378.590455156865,420.30129995255,0.380028890093058
408,379.470814871351,421.420347407936,1.11904745538595
409,380.217147280926,422.311245834529,0.890898426592571
410,380.663017254504,422.871672564477,0.560426729948006
411,382.797408686611,425.094090011806,2.22241744732929
412,382.817504570804,425.118963816343,0.0248738045370374
413,383.166778205685,425.622268695428,0.503304879085249
414,383.857039237995,426.563156421919,0.940887726490473
415,386.368637925123,429.113145307683,2.54998888576461
416,389.522582439638,432.015362226944,2.90221691926092
417,389.618525118426,432.129802940857,0.114440713912529
418,389.669260413334,432.206964057866,0.0771611170092115
419,390.442550389716,433.331848744163,1.12488468629653
420,390.455216665786,433.35134448557,0.0194957414070132
421,393.439580881936,436.565169613162,3.21382512759192
422,393.664476975582,436.828187459714,0.263017846552145
423,393.895155006113,437.150021320425,0.321833860711251
424,395.00954295723,438.544859537163,1.39483821673826
425,395.115734206145,438.686913573472,0.142054036309048
426,395.442572944063,439.178428025573,0.49151445210083
427,396.517627250564,440.560795964335,1.382367938762
428,397.868799108792,442.019133828222,1.4583378638871
429,398.736063297992,442.966679964403,0.947546136180733
430,398.773214144684,443.015998820516,0.0493188561129614
431,398.816670694201,443.088395994116,0.0723971736001658
432,399.216586189512,443.779695919839,0.691299925722717
433,401.551625736117,446.408825686166,2.62912976632754
434,402.187817306267,447.11045560271,0.701629916543993
435,402.901025448905,447.944544431976,0.834088829266079
436,403.365446835254,448.523259169331,0.578714737354403
437,404.599917333971,449.9321390435,1.40887987416914
438,404.932074710602,450.337372478367,0.405233434867341
439,404.933743265157,450.339894258846,0.00252178047827556
440,406.705553679524,452.481791687414,2.14189742856854
441,406.727853835365,452.510429572941,0.0286378855267344
442,408.582926178822,454.580111378808,2.06968180586733
443,409.00227600385,455.065621111338,0.485509732530318
444,409.35822006353,455.532318106073,0.46669699473415
445,409.569495253225,455.843196892036,0.310878785962984
446,412.287863655489,458.727243284967,2.88404639293105
447,412.381037050464,458.839560534162,0.112317249194859
448,412.440317624345,458.930175407809,0.0906148736476098
449,412.496596219612,459.033462343249,0.103286935439371
450,412.757283089322,459.540633834896,0.507171491647682
451,413.130031366723,460.221398503936,0.680764669040286
452,413.597731028829,460.99092835596,0.769529852023311
453,413.77504079337,461.285821935076,0.294893579116035
454,414.493744076586,462.374571344137,1.08874940906071
455,417.458864005161,465.361240176941,2.98666883280475
456,417.723350206874,465.667387796653,0.306147619711226
457,421.18996630756,468.99732428563,3.32993648897781
458,421.904368093456,469.763471394196,0.766147108565974
459,422.365945206418,470.320647319037,0.557175924840294
460,423.255726568754,471.380079947769,1.05943262873285
461,423.466302095957,471.655637725505,0.275557777735401
462,423.753080883592,472.078080178975,0.422442453469728
463,425.45401261825,474.053672958522,1.97559277954753
464,425.460370512717,474.061841654571,0.00816869604921067
465,425.559922786887,474.221482862168,0.15964120759628
466,425.590286606884,474.279268752553,0.0577858903852189
467,427.118071051179,476.417945698396,2.13867694584337
468,427.181112380088,476.502397626467,0.0844519280708482
469,427.47200905185,476.948745104606,0.446347478138705
470,428.002914281943,477.737524261243,0.788779156637531
471,429.270531679605,479.259134407661,1.52161014641786
472,429.31518693175,479.318188910804,0.0590545031430452
473,429.536640370144,479.663724849494,0.34553593868975
474,430.955104577863,481.437605094089,1.77388024459498
475,431.01774323885,481.519919329977,0.0823142358876225
476,431.080848268305,481.622989190532,0.103069860555706
477,431.977088044139,482.938127520087,1.31513832955488
478,432.031067849103,483.018621847888,0.0804943278006363
479,432.647220831067,483.941417408718,0.922795560830082
480,433.296140997039,484.811150476956,0.869733068237906
481,433.562903436451,485.183910127474,0.372759650518333
482,434.020907128939,485.845202570303,0.661292442828483
483,434.475056221102,486.490784075461,0.645581505158702
484,437.738890833997,489.749562485107,3.25877840964603
485,440.827372699022,492.589894780918,2.84033229581115
486,441.587868362909,493.400600634572,0.810705853653076
487,441.91477459579,493.80437022525,0.403769590678849
488,442.139370683874,494.123850172088,0.319479946838044
489,442.726530899716,494.957452519208,0.833602347119609
490,442.850956623228,495.146184671445,0.188732152237094
491,443.515546986552,496.124504795339,0.978320123893695
492,444.921084966252,497.745052362974,1.62054756763496
493,446.453244490925,499.312886488818,1.56783412584389
494,449.7853632814,502.386463759205,3.07357727038743
495,450.024522100891,502.663373403074,0.276909643869374
496,450.732066439427,503.53882192235,0.875448519275835
497,451.093878231814,504.011163694716,0.472341772365951
498,451.218964762428,504.199543208556,0.188379513839322
499,452.667990457033,506.001270320303,1.80172711174708
500,453.7454693399,507.168834854257,1.16756453395402
501,453.907644153643,507.373561147918,0.204726293661622
502,454.031308139396,507.562394839627,0.188833691709078
503,454.319333727682,508.039733577938,0.477338738311062
504,455.267143390932,509.361085536412,1.32135195847405
505,455.762432234456,509.997930237209,0.636844700796473
506,456.221107103391,510.609163248194,0.611233010984733
507,456.530015303761,511.047428469045,0.438265220850838
508,456.573180631186,511.1185803351,0.0711518660559136
509,459.412839124426,514.269307224404,3.15072688930377
510,460.562262410655,515.449461523981,1.180154299577
511,461.662732980838,516.614847584974,1.16538606099323
512,463.250886000621,518.228760426239,1.61391284126444
513,463.446395273145,518.464134222329,0.235373796089902
514,463.773699842077,518.91838072038,0.454246498051702
515,464.372794116788,519.740299590182,0.821918869801493
516,466.629947868127,522.091990632497,2.35169104231454
517,467.082034818204,522.603239020469,0.5112483879725
518,467.217682910472,522.788670765086,0.185431744616835
519,467.485747792333,523.2027344589,0.414063693813887
520,467.699709326249,523.557003236299,0.354268777399056
521,467.743362731952,523.638971730992,0.0819684946935695
522,468.048610986249,524.234940139948,0.595968408955173
523,468.185333998323,524.505479780721,0.270539640773336
524,468.23306707098,524.610363056644,0.104883275923271
525,468.439684293124,525.084439834149,0.474076777505161
526,468.646491481472,525.547010743411,0.462570909261899
527,469.022393799911,526.315816736201,0.76880599278968
528,469.055697349668,526.38534971225,0.0695329760491177
529,469.240891288342,526.799384088968,0.414034376718064
530,472.041582744415,530.203035783167,3.4036516941992
531,472.160875337751,530.346985408241,0.143949625074015
532,472.519878334457,530.847055111838,0.500069703596637
533,473.359683909875,531.934388554917,1.08733344307939
534,473.499926787911,532.128926368621,0.194537813703391
535,473.502660377041,532.133598030779,0.00467166215833004
536,473.583909203651,532.297218384683,0.163620353904435
537,473.898484041625,532.934329441534,0.637111056850472
538,474.524228474707,533.99337769055,1.05904824901597
539,475.661684010391,535.439448240728,1.44607055017775
540,477.76630884778,537.55214887687,2.11270063614222
541,478.566262500426,538.410135145663,0.857986268793297
542,479.116414770058,539.059260588116,0.649125442452828
543,479.186954058576,539.158530615537,0.09927002742063
544,479.370822061877,539.460487860796,0.301957245259018
545,479.391431534192,539.499647750315,0.0391598895198513
546,479.621175466538,539.969625871664,0.469978121348163
547,480.109618908215,540.863075197141,0.893449325477491
548,480.492230071231,541.491553855291,0.628478658149902
549,480.581494985082,541.648018001357,0.156464146065559
550,480.760811806828,541.992678315599,0.344660314242219
551,480.768713734614,542.009710882495,0.0170325668964324
552,480.821958558286,542.140784978373,0.131074095878034
553,483.710505388011,545.850560078554,3.70977510018076
554,484.343237800247,546.546439094161,0.695879015607375
555,484.961350208101,547.281269077402,0.734829983240161
556,485.337005382699,547.766727950509,0.485458873107405
557,485.534322380087,548.054916730069,0.288188779560187
558,485.635372605931,548.225433794767,0.170517064697833
559,485.819321381563,548.567359392237,0.341925597470208
560,488.479984398322,551.633322123466,3.06596273122921
561,488.981847803234,552.1959636071,0.562641483633229
562,489.458915726371,552.790287911301,0.594324304201223
563,489.833859682878,553.293983356362,0.503695445061226
564,490.548995474626,554.22666107252,0.932677716158196
565,490.851091981213,554.63572077875,0.409059706229982
566,491.228595573919,555.179791941152,0.544071162401906
567,491.405544886734,555.457067150088,0.277275208935635
568,491.786240789715,556.071779075385,0.614711925297229
569,492.027146114418,556.46749822983,0.39571915444526
570,492.046289938945,556.503326579014,0.0358283491841576
571,493.387700917117,558.441231826752,1.93790524773715
572,493.728848171532,558.879557030963,0.43832520421131
573,493.767897325361,558.939670205704,0.0601131747407635
574,494.45037651236,559.966701934259,1.0270317285549
575,496.541802021212,562.209947779725,2.24324584546639
576,496.690891240807,562.389944721832,0.179996942106868
577,497.486308423833,563.387332449313,0.997387727481396
578,497.551728132769,563.479318359937,0.0919859106239755
579,497.687068443154,563.705521530761,0.22620317082351
580,497.771183973462,563.865483672003,0.159962141242659
581,498.438491410545,565.008554825698,1.14307115369434
582,498.614068971219,565.293454598621,0.284899772923723
583,500.99641999925,567.986193774779,2.69273917615715
584,503.523533614919,570.3702243008,2.38403052602109
585,503.610760595573,570.474960265448,0.104735964648285
586,503.929563693343,570.924635729557,0.449675464109191
587,504.174138319641,571.299139956998,0.374504227440411
588,504.238962746374,571.412420713027,0.113280756028985
589,506.075611985963,573.73578873701,2.32336802398299
590,507.947504810394,575.593415515091,1.85762677808123
591,510.283168372055,577.813521566427,2.2201060513363
592,512.217040474107,579.680327915458,1.86680634903121
593,515.497609712588,582.69276304313,3.01243512767121
594,515.631542282348,582.851160494703,0.158397451573933
595,515.909054594385,583.240741365948,0.389580871244334
596,516.128502297914,583.581259144167,0.340517778219692
597,516.762121607217,584.515974403133,0.934715258965298
598,520.374298263403,588.05101034964,3.53503594650704
599,520.632550418129,588.349053942008,0.298043592368685
600,520.680278137704,588.418447104995,0.0693931629864437
601,521.289407339121,589.319256614471,0.900809509475835
602,523.281227149327,591.481267899463,2.16201128499176
603,525.353566614842,593.484624320998,2.00335642153527
604,528.450162956588,596.340645366018,2.85602104502038
605,529.017778987281,596.962350043045,0.621704677027083
606,534.02735518967,601.51916818131,4.55681813826493
607,536.536841364348,603.867717492511,2.34854931120037
608,537.376993572429,604.756909660518,0.889192168006957
609,538.053724120061,605.532679234024,0.775769573506295
610,538.105867184591,605.604343110779,0.0716638767549966
611,538.144166977797,605.669748888414,0.0654057776349646
612,538.612611479099,606.475767972735,0.806019084320951
613,539.677918073907,607.898565729739,1.42279775700399
614,539.81491842568,608.085554630225,0.186988900485858
615,540.829620383073,609.383657700863,1.29810307063826
616,540.867543734193,609.436375836212,0.0527181353495507
617,541.638904325684,610.503446088084,1.06707025187188
618,541.860854138704,610.816175033215,0.312728945131084
619,542.43813858465,611.633856473994,0.817681440779097
620,542.496929986794,611.725031909164,0.091175435169589
621,543.119464782401,612.678042851577,0.953010942412675
622,548.382714905994,617.621387014696,4.94334416311881
623,548.940532008882,618.231839280218,0.610452265522554
624,549.06320595958,618.395554119457,0.163714839238764
625,549.091962596229,618.44306022491,0.0475061054531807
626,549.527284990325,619.184997763111,0.741937538200546
627,549.555339404899,619.235861662959,0.0508638998486504
628,550.233709754442,620.375033933416,1.13917227045647
629,550.427472895018,620.683382359855,0.308348426438897
630,550.636367429374,621.043323586724,0.359941226868955
631,550.669454801122,621.10766392445,0.0643403377259801
632,553.175710055247,624.166616340509,3.05895241605958
633,553.871129252097,624.928261777781,0.761645437271909
634,555.617515071447,626.718070877578,1.78980909979737
635,555.66780525646,626.780411512572,0.062340634993916
636,556.382677554814,627.716811255111,0.936399742538697
637,556.390714583471,627.728688099666,0.0118768445545356
638,557.029694372168,628.683206970542,0.954518870876655
639,558.571567422916,630.442351727853,1.75914475731054
640,558.577250276543,630.449695120788,0.00734339293524044
641,559.224387452411,631.33773497247,0.888039851681697
642,559.297484342362,631.447262693359,0.109527720889105
643,560.998437341833,633.494795636698,2.04753294333875
644,561.736644076758,634.318775896829,0.823980260131748
645,561.979619030404,634.63078520333,0.312009306500499
646,562.375334669005,635.18666415009,0.555878946760345
647,562.378554171762,635.191916423559,0.00525227346872725
648,562.636012814737,635.658163412284,0.466246988725516
649,563.436372118769,636.88092468301,1.22276127072575
650,563.46960143915,636.93270580149,0.0517811184802213
651,564.038484154097,637.825096677526,0.892390876035961
652,564.772130360698,638.817266547994,0.99216987046816
653,566.970872280225,641.087906586185,2.270640038191
654,568.337950899537,642.468379121876,1.38047253569005
655,568.673080195753,642.862866475351,0.394487353475142
656,570.933280147402,645.171762799,2.30889632364972
657,571.428633968244,645.726965071617,0.555202272616498
658,571.61639125782,645.977704073165,0.250739001548027
659,573.148060091772,647.750526896062,1.77282282289741
660,574.863887235828,649.473698444056,1.72317154799407
661,576.227070520832,650.85708510246,1.38338665840388
662,576.481368558226,651.161739064731,0.304653962270891
663,579.844574509113,654.428600390493,3.26686132576185
664,580.181101365356,654.811662914035,0.383062523541867
665,580.942561090696,655.727982658876,0.916319744841644
666,581.118103303932,655.964012980929,0.236030322052329
667,581.246316854515,656.167462471324,0.203449490395087
668,581.566126600966,656.705114526668,0.537652055344097
669,583.090977443361,658.609496881765,1.90438235509737
670,583.873872025852,659.490384647713,0.880887765947818
671,584.092230490576,659.772260229885,0.281875582171779
672,585.099859658966,661.015049082323,1.24278885243757
673,585.32319429348,661.306590938214,0.291541855891637
674,585.369667099433,661.380246526805,0.0736555885903272
675,585.76984434524,662.047741250445,0.667494723640971
676,586.651028079786,663.271472514522,1.22373126407604
677,587.30169997035,664.086085709553,0.814613195031598
678,587.470299214607,664.320496993878,0.234411284325347
679,587.732838103235,664.728605159869,0.408108165990711
680,590.361387945105,667.566872704548,2.83826754467918
681,590.732838951649,667.991400614695,0.424527910147049
682,591.127328671391,668.503261862752,0.511861248056334
683,591.779720276886,669.34952787103,0.84626600827869
684,591.784285741864,669.356314843222,0.00678697219132118
685,592.51985710209,670.431849937007,1.07553509378477
686,592.559221618706,670.492484398455,0.0606344614487853
687,592.732068293306,670.799090752328,0.306606353872667
688,593.345043640786,671.796025314703,0.996934562375259
689,594.00768924704,672.715180261717,0.919154947014249
690,594.074446627163,672.815700059016,0.100519797298148
691,596.100947946794,675.162891523046,2.34719146402995
692,596.934170372703,676.065372464757,0.902480941711246
693,596.982683241411,676.129534826201,0.0641623614442324
694,598.503085221225,677.913757079063,1.78422225286158
695,600.845394462324,680.179176592425,2.26541951336242
696,601.797837007324,681.176612433013,0.99743584058831
697,602.608639737109,682.078964011577,0.902351578563412
698,605.589548516686,684.920307618126,2.84134360654912
699,605.712500939228,685.066417414991,0.146109796865062
700,605.89555968441,685.331730364647,0.265312949655595
701,606.682445929036,686.414120398202,1.0823900335555
702,606.775434290029,686.549549936041,0.135429537839286
703,607.050765166416,686.996298098715,0.44674816267343
704,607.431447151046,687.610350430987,0.614052332271967
705,612.128913263643,692.18519679338,4.57484636239349
706,612.700865334066,692.810019549546,0.624822756165827
707,615.817413962259,695.778801645434,2.96878209588829
708,617.391395209982,697.329428402818,1.55062675738338
709,617.835184205376,697.835976053325,0.506547650507059
710,617.931107662349,697.969371908231,0.133395854905984
711,617.975912756164,698.045630724244,0.0762588160133646
712,618.113818837307,698.312673480216,0.267042755971829
713,618.766991340927,699.432909624701,1.12023614448515
714,618.774125735267,699.445265974511,0.0123563498100339
715,619.059738909422,699.979909120965,0.534643146453959
716,622.103469503447,703.335016014268,3.3551068933026
717,625.760118414393,706.656783970278,3.32176795601026
718,626.4393320405,707.387823273281,0.731039303003399
719,627.674712189529,708.714858191777,1.32703491849588
720,628.492911000051,709.618362376955,0.903504185178122
721,629.880520602425,711.08314447762,1.46478210066437
722,629.899891177988,711.107842459845,0.0246979822254616
723,632.205883322671,713.566659218453,2.45881675860778
724,632.573208196964,713.988764011944,0.422104793491485
725,633.34422927381,714.916100514702,0.927336502757839
726,634.000763806917,715.706751920008,0.790651405306107
727,636.177897426089,717.914628623996,2.20787670398727
728,636.78445507374,718.583069181366,0.668440557370786
729,636.970171798788,718.82654048255,0.24347130118349
730,637.284877890456,719.288819491496,0.462279008946325
731,637.39770103995,719.474152665136,0.185333173640061
732,637.868684458934,720.247887832364,0.773735167228097
733,640.17082389321,722.785424501351,2.53753666898649
734,640.200635133613,722.822306820683,0.0368823193318804
735,640.277194598168,722.942132866547,0.119826045864102
736,640.373477469811,723.118418771947,0.176285905400505
737,641.327237898152,724.582743808747,1.46432503680001
738,641.749435924015,725.154696014581,0.571952205833213
739,642.428419301262,726.044735035655,0.890039021074358
740,642.858598948972,726.612717863485,0.567982827829724
741,643.398518950339,727.333878668391,0.721160804906731
742,647.378548033444,731.137514899297,3.80363623090511
743,647.58548752637,731.378431810642,0.240916911345835
744,649.208327160891,733.140743047706,1.76231123706327
745,650.957795567735,734.87792943018,1.73718638247419
746,653.611920328884,737.370289906625,2.4923604764449
747,656.224297248696,739.810926782102,2.44063687547759
748,657.791559211019,741.357344421727,1.54641763962456
749,658.04631874926,741.658866296674,0.301521874946616
750,658.454025659052,742.203340051077,0.544473754403043
751,658.835969752382,742.739410383311,0.536070332234658
752,659.279236520883,743.370471641725,0.631061258413865
753,659.315137250106,743.428273468898,0.0578018271728524
754,659.984101569049,744.468612380454,1.04033891155564
755,660.244804403231,744.859633600165,0.391021219711547
756,660.562956572043,745.359844084597,0.500210484432159
757,661.571402844711,746.703651781543,1.34380769694542
758,661.697264325237,746.877087308812,0.173435527269362
759,662.207907959127,747.616536714184,0.739449405371943
760,663.261403544277,748.918360986964,1.30182427278032
761,663.65155807824,749.406117242388,0.487756255423278
762,665.671914190691,751.535254976769,2.12913773438095
763,665.844979190656,751.743077870724,0.207822893955267
764,667.539191953487,753.593718832238,1.85064096151416
765,667.637392591152,753.715669479572,0.121950647333733
766,669.586587451011,755.827999895527,2.11233041595528
767,672.427293038136,758.48391475346,2.65591485793311
768,673.33284475442,759.43330039581,0.949385642349512
769,673.487890035941,759.629412695956,0.196112300146183
770,673.725818549225,759.980840878361,0.35142818240513
771,673.73676514615,759.999913124138,0.0190722457773518
772,674.113558767742,760.684043130824,0.684130006686019
773,674.125722254109,760.707601747411,0.0235586165871382
774,674.267759087585,761.014635946027,0.307034198615725
775,674.846265709995,762.108728985721,1.09409303969369
776,681.040515262654,767.995767447407,5.8870384616863
777,681.942377376258,768.938606774549,0.942839327141769
778,684.888496322751,771.721684412536,2.78307763798659
779,685.301311950106,772.185807299824,0.464122887288681
780,685.394291380945,772.31461967813,0.128812378305838
781,686.90639707572,774.117217982201,1.80259830407124
782,692.663431837765,779.251792847917,5.13457486571565
783,693.190538051403,779.831256481794,0.57946363387714
784,693.983055445377,780.751865639195,0.920609157400577
785,694.133030629515,780.951243928112,0.199378288917615
786,694.582767155168,781.596442533494,0.64519860538212
787,695.543363326957,782.810032197174,1.21358966367961
788,696.221560904018,783.62209194762,0.812059750446451
789,696.891671680025,784.432717048933,0.810625101312098
790,698.142309739914,785.818862739871,1.38614569093875
791,698.248889011276,785.9545985852,0.135735845328327
792,698.52284144405,786.359953559304,0.405354974104057
793,699.203613382952,787.315713270454,0.955759711149881
794,700.518571009321,788.825508813626,1.50979554317257
795,700.994985083514,789.388030409808,0.562521596182364
796,701.085003414876,789.515228691369,0.127198281560595
797,701.530751246906,790.187640707117,0.672412015747568
798,708.981240285389,796.99509464263,6.80745393551308
799,709.824832372358,797.883086012343,0.887991369713177
800,710.392521758923,798.545086607227,0.662000594883807
801,711.626056705111,799.910815394095,1.36572878686809
802,713.781084274986,802.020081193175,2.10926579908039
803,714.014116834943,802.293465176655,0.273383983479334
804,715.081612324789,803.540898098919,1.24743292226481
805,716.079648511194,804.644175185217,1.10327708629791
806,716.213777407597,804.816741607724,0.172566422506293
807,716.728054135959,805.529831493478,0.713089885754243
808,716.857226481679,805.725580159035,0.19574866555763
809,716.995868189074,805.966258712193,0.240678553157863
810,717.677465842864,807.046996385982,1.08073767378914
811,717.682038867774,807.05452514993,0.00752876394756186
812,721.335326499825,810.907960124855,3.85343497492465
813,721.614787411784,811.229574395214,0.321614270359305
814,723.133418456866,812.882122623414,1.65254822820054
815,724.841300863207,814.587587793023,1.70546516960849
816,726.134323431951,815.907665555929,1.32007776290561
817,726.83941648199,816.68992887517,0.782263319241565
818,729.081017509255,818.912283365063,2.22235448989318
819,730.190816975674,820.057392082676,1.14510871761297
820,731.195277486825,821.135829679622,1.0784375969456
821,731.453189919264,821.454850209545,0.319020529923023
822,732.551816781178,822.757950016618,1.30309980707318
823,732.572942194156,822.786393435952,0.0284434193334846
824,733.502950086829,824.009263530644,1.22287009469289
825,733.765348440725,824.359490218453,0.350226687808231
826,734.469444859566,825.292485144633,0.932994926180527
827,735.266155559606,826.26599439559,0.973509250956795
828,736.084551929765,827.226043870952,0.960049475362439
829,736.246731767723,827.441248131374,0.21520426042116
830,737.135691170099,828.586721455033,1.1454733236593
831,737.147402243318,828.603447121873,0.0167256668397613
832,738.055117614953,829.844893436718,1.24144631484546
833,740.720559730582,832.492206793583,2.64731335686486
834,741.151073946954,832.976729055605,0.484522262021983
835,743.847563840804,835.620249875279,2.643520819674
836,743.855427505486,835.629871647257,0.00962177197800429
837,744.499301338578,836.485498253459,0.855626606201668
838,744.886972137997,837.008409132294,0.522910878835432
839,745.092642589148,837.314889681009,0.306480548714603
840,746.641729283507,839.180555930324,1.86566624931538
841,746.691768392099,839.245247211855,0.064691281531168
842,746.847502129138,839.489352993956,0.244105782100291
843,748.174628148116,841.197209682849,1.70785668889346
844,748.813237079584,841.947482397855,0.750272715006076
845,748.863514655516,842.017739908046,0.0702575101905722
846,749.529140099988,842.96370919423,0.945969286184436
847,749.728519604724,843.255157934103,0.291448739873204
848,750.910737182774,844.755697001177,1.50053906707342
849,753.852955261842,847.575361389209,2.81966438803181
850,754.919275405518,848.673963215521,1.09860182631269
851,755.011714650797,848.790872130948,0.116908915426961
852,755.548384803663,849.528078065907,0.73720593495932
853,755.804073429749,849.897494349345,0.369416283437204
854,757.09760824196,851.486104211883,1.58860986253785
855,757.565030485654,852.048611675164,0.56250746328169
856,760.08162928589,854.571097869248,2.52248619408329
857,761.060387467955,855.593367831013,1.02226996176546
858,761.771813010314,856.395742682738,0.802374851724949
859,761.934057165155,856.609797641761,0.214054959023315
860,763.29614611891,858.221261445766,1.61146380400476
861,766.079268769324,860.872054708548,2.65079326278192
862,766.599114863714,861.447022869183,0.574968160635535
863,767.208601147774,862.180817420747,0.733794551563392
864,771.676542413856,866.325771530491,4.14495410974394
865,772.284351579284,866.986228293235,0.660456762744047
866,772.370084136494,867.100857651311,0.114629358076058
867,772.760907816745,867.67953846423,0.578680812919401
868,773.575109064553,868.765037697689,1.08549923345856
869,773.886251502241,869.183627575793,0.418589878104626
870,774.078134415929,869.474340649515,0.290713073721122
871,774.973937431606,870.702898920459,1.22855827094395
872,775.728009311792,871.622333208413,0.919434287954914
873,775.964132682123,871.936804696132,0.314471487718265
874,776.364629527512,872.51132236061,0.574517664477753
875,776.716545689239,873.0298285737,0.518506213090745
876,777.151965400955,873.671459361701,0.64163078800118
877,777.369359992489,874.008076990382,0.336617628680528
878,777.96257592598,874.892230134285,0.884153143903518
879,779.020251211759,876.197734907711,1.30550477342604
880,779.050875709219,876.239618456472,0.0418835487600973
881,779.359735304996,876.720605245032,0.480986788560472
882,780.212246634221,877.892675807324,1.17207056229165
883,782.370836861054,880.117518455991,2.22484264866716
884,782.821863953148,880.62809585931,0.510577403319644
885,783.112684249425,881.009984454548,0.381888595237342
886,783.522336226759,881.586192560768,0.576208106219724
887,784.121656170406,882.402844631214,0.816652070446708
888,785.923561701059,884.353753689976,1.95090905876168
889,787.883473557513,886.26607602909,1.91232233911364
890,789.145899333123,887.551745833685,1.28566980459561
891,791.080919920114,889.450979770523,1.8992339368375
892,791.926835940728,890.35333167703,0.902351906506738
893,792.156323521123,890.641442325077,0.28811064804745
894,792.165009938904,890.655014100426,0.0135717753486233
895,792.297749562586,890.898625532626,0.243611432200623
896,792.912120884428,891.930211929153,1.03158639652679
897,793.542532663185,892.824728097909,0.894516168756013
898,793.889311848033,893.31315534041,0.488427242501189
899,794.958427111391,894.645839365832,1.33268402542228
900,795.040554643339,894.756805090318,0.110965724485141
901,795.140642292134,894.920791615748,0.163986525430914
902,795.435893723333,895.436364298871,0.515572683122741
903,796.655183448369,897.079776903195,1.64341260432366
904,796.791466924741,897.262954766765,0.183177863570336
905,797.438421226055,898.152593511164,0.889638744399008
906,797.771826554062,898.615735252753,0.46314174158897
907,797.8180001278,898.690343293242,0.0746080404883287
908,798.36617228704,899.573923344076,0.883580050834098
909,798.716922480072,900.108614029123,0.534690685047167
910,799.163636218815,900.777654767605,0.669040738482522
911,800.612573861253,902.494025089851,1.71637032224589
912,802.245216819019,904.153589880349,1.65956479049817
913,803.066430073126,905.040710453309,0.887120572959248
914,803.310897352443,905.348514293512,0.30780384020386
915,803.884272803715,906.110107921407,0.76159362789474
916,803.9658513248,906.231454058472,0.121346137065075
917,804.031888955788,906.349058105777,0.117604047304667
918,804.405234225547,907.027919515643,0.678861409865704
919,804.797325581919,907.687426107417,0.659506591773834
920,805.064188291382,908.131725876937,0.444299769520171
921,807.158242632133,910.563766416194,2.43204053925729
922,809.581733526156,912.870681396993,2.30691498079943
923,809.616565146677,912.913068765732,0.0423873687389005
924,810.171409794223,913.660850567711,0.747781801979045
925,810.468680597644,914.079928676187,0.419078108476128
926,810.482865538983,914.103517538562,0.0235888623748224
927,810.483461428764,914.10472870773,0.00121116916716346
928,811.157948029325,915.340793998055,1.23606529032531
929,813.624217162261,918.035063612924,2.6942696148692
930,816.095578231979,920.367628412423,2.33256479949875
931,817.042382967371,921.357656967145,0.990028554722585
932,817.092723157806,921.422781882912,0.0651249157670009
933,820.879908911868,925.141754717154,3.71897283424153
934,825.304695661605,929.099625858711,3.95787114155758
935,827.49047257445,931.173779086748,2.07415322803661
936,827.817402312339,931.549230088331,0.375451001582746
937,828.16777665666,932.01217708378,0.46294699544876
938,828.550533167912,932.55115240355,0.538975319770202
939,828.589992398192,932.614966648972,0.0638142454224635
940,829.824174459927,934.292053826166,1.67708717719336
941,830.190236273289,934.757049587078,0.464995760912075
942,830.778592346687,935.526407285711,0.769357698633712
943,831.240332678456,936.138202413364,0.611795127652272
944,831.374938638837,936.33858041774,0.200378004375921
945,832.138037356596,937.41968570689,1.08110528915074
946,833.14341446686,938.622576203307,1.20289049641713
947,836.72780127371,941.98003379211,3.35745758880205
948,836.899800692988,942.181788391035,0.201754598925163
949,837.601230713627,943.062804117283,0.881015726248052
950,837.730553114068,943.243668681567,0.180864564283866
951,839.267281435768,945.067947272807,1.82427859124027
952,843.066304298254,948.561673961332,3.49372668852493
953,843.367810323281,948.90634900754,0.344675046208295
954,843.73704290793,949.392181257438,0.485832249897499
955,843.991049983088,949.761126946207,0.368945688769031
956,844.213978365421,950.115902524387,0.35477557818092
957,844.681714359634,950.850160482856,0.734257958468334
958,844.743912874866,950.954920252286,0.104759769430416
959,845.208360335519,951.742570949728,0.787650697442245
960,848.581468804944,955.219219134866,3.47664818513772
961,849.280939862382,955.972116006261,0.752896871394682
962,850.754504456307,957.513640949561,1.54152494330037
963,851.145046162278,957.969897000727,0.456256051165497
964,852.331436095625,959.310996444251,1.3410994435244
965,852.607734202583,959.652439206924,0.341442762673069
966,852.86653180543,960.01985295134,0.367413744415558
967,852.895897643005,960.069056869254,0.0492039179139283
968,852.89994278894,960.07727915866,0.00822228940671721
969,852.926157214828,960.139610256363,0.0623310977022129
970,853.259063392153,960.91503871917,0.775428462806872
971,853.658346194371,961.711601738624,0.796563019454993
972,853.709596764625,961.815112649335,0.103510910710611
973,853.849092295264,962.123097401971,0.307984752636003
974,853.940737679283,962.33804411308,0.214946711108496
975,854.807227966036,963.936003682874,1.59795956979406
976,854.829454661094,963.973727077707,0.0377233948335061
977,856.561940740309,966.187360282359,2.2136332046515
978,856.759128939909,966.433209213555,0.245848931196406
979,856.986949615995,966.76536549516,0.332156281605421
980,857.12643382331,966.995647279598,0.230281784437466
981,858.142558569219,968.430158719999,1.43451144040068
982,861.837663806649,971.941796191776,3.5116374717777
983,862.512110571076,972.668564434906,0.726768243129413
984,862.57805558922,972.756345847582,0.0877814126766907
985,863.57724450318,974.035484468345,1.27913862076275
986,864.7456382404,975.330984352975,1.29549988463009
987,864.792569394193,975.392015108314,0.0610307553382654
988,865.613052041479,976.471171602195,1.07915649388178
989,865.734578454475,976.642265843379,0.17109424118371
990,865.78412602725,976.72672475202,0.0844589086412952
991,867.800419917752,979.193205934119,2.46648118209862
992,869.777395547476,981.128192339566,1.93498640544738
993,870.146359505594,981.551161622754,0.422969283187172
994,871.745907900516,983.26368978452,1.7125281617665
995,871.808997532557,983.342722849335,0.0790330648153486
996,875.303109963356,986.786401629811,3.44367878047569
997,876.68648765317,988.168820536879,1.38241890706797
998,878.422607211029,989.887991917226,1.71917138034712
999,879.191236891811,990.719761928618,0.831770011391654
1000,881.220448969316,992.744884147825,2.02512221920756
1001,884.32432211629,995.61092503465,2.86604088682452
1002,885.024489345542,996.36338441229,0.75245937763998
1003,885.578208094738,997.020996267279,0.657611854989455
1004,886.219031061488,997.807681304874,0.786685037595021
1005,886.333373929657,997.967842775048,0.160161470173875
1006,889.738959316261,1001.4181994743,3.45035669925346
1007,892.932038643111,1004.34605166891,2.92785219461291
1008,894.822017245207,1006.1691234792,1.82307181028045
1009,895.372138987768,1006.78052347803,0.6113999988346
1010,895.395027902575,1006.8121996138,0.0316761357694304
1011,895.553760625339,1007.07470337657,0.262503762773804
1012,897.993054246955,1009.84084845856,2.7661450819885
1013,898.509911241183,1010.42073621914,0.579887760578117
1014,903.782763992032,1015.21463713964,4.7939009204996
1015,904.613886674241,1016.09093739538,0.876300255743445
1016,905.401041479636,1016.97689662186,0.885959226474142
1017,906.218722999412,1017.91286992962,0.935973307761515
1018,907.721337035103,1019.49340982921,1.58053989959308
1019,909.13005904608,1020.93012092902,1.43671109980789
1020,910.022434793416,1021.8909871527,0.96086622368307
1021,914.912360705019,1026.31417824458,4.42319109187326
1022,915.07420341321,1026.50408012435,0.18990187977397
1023,915.654176128717,1027.25275791109,0.74867778674502
1024,916.473560561151,1028.25423252008,1.00147460898916
1025,917.023815215419,1028.93162167543,0.677389155345736
1026,917.491239692373,1029.53660968812,0.604988012695003
1027,918.445448964621,1030.69072438451,1.15411469638821
1028,919.576202757226,1031.93760094724,1.24687656272727
1029,919.764038558936,1032.17369264798,0.236091700737461
1030,919.841925901904,1032.29353816338,0.119845515407405
1031,920.070296542217,1032.6863679684,0.392829805012752
1032,920.213937818596,1032.95165775332,0.265289784922743
1033,920.514860634031,1033.51561895956,0.563961206235717
1034,921.963533224269,1035.44491155846,1.92929259890366
1035,924.437490243266,1037.85621779123,2.41130623276604
1036,924.469497265392,1037.89524184207,0.0390240508493207
1037,924.696091889794,1038.22966317387,0.334421331793237
1038,925.177201049329,1038.94772312977,0.718059955902618
1039,925.437476691501,1039.34447557092,0.396752441149829
1040,925.460134512002,1039.38443342134,0.0399578504229794
1041,925.493095981505,1039.45351712326,0.0690837019178616
1042,925.584103176107,1039.6665370262,0.213019902939777
1043,925.856505366074,1040.29439031874,0.627853292536201
1044,931.47294606423,1046.05332900494,5.75893868620301
1045,931.794278462597,1046.41900509142,0.365676086480789
1046,932.012496439559,1046.71609175551,0.297086664086692
1047,932.276471363546,1047.11686710834,0.400775352836945
1048,933.345382210173,1048.51353866943,1.39667156108976
1049,934.151834909613,1049.4570948015,0.943556132067442
1050,934.562222284905,1049.97014175541,0.513046953906041
1051,935.481302430662,1051.08026145357,1.11011969816423
1052,935.96229517723,1051.67294066478,0.592679211202949
1053,936.789304787227,1052.67489002285,1.00194935807713
1054,937.268876282815,1053.27178500477,0.596894981916876
1055,938.557391034852,1054.72880015016,1.4570151453886
1056,940.336582429999,1056.51582297244,1.78702282227732
1057,941.080856674128,1057.32461297557,0.808790003131435
1058,941.421205690608,1057.74725868132,0.422645705751393
1059,943.488291366944,1059.92095730675,2.17369862543069
1060,944.178577211838,1060.676082474,0.755125167252118
1061,944.295256941518,1060.83012263163,0.154040157629879
1062,944.784476144137,1061.52550672959,0.695384097960641
1063,948.138841593449,1064.8526175928,3.32711086320455
1064,948.396955266339,1065.15089349051,0.29827589771412
1065,948.594046558111,1065.42530418706,0.274410696551058
1066,949.309100664954,1066.40179854431,0.976494357248157
1067,949.63362426907,1066.84758853742,0.445789993110111
1068,949.92276956012,1067.27701310235,0.429424564930287
1069,950.121525800595,1067.59800134754,0.320988245192211
1070,950.983934938152,1068.83021717189,1.23221582435281
1071,951.746025249875,1069.77453914911,0.944321977217896
1072,951.936345381183,1070.03262039331,0.258081244202003
1073,952.086509937175,1070.26980430643,0.237183913117178
1074,952.377635011935,1070.75987762614,0.490073319709609
1075,952.40330674552,1070.8079612519,0.0480836257536339
1076,952.863433801196,1071.65869719393,0.850735942032316
1077,953.070298391317,1072.02517153636,0.366474342430593
1078,953.259666088197,1072.37814096645,0.352969430095754
1079,953.588037730352,1072.9829027867,0.604761820247177
1080,955.405338577305,1075.23347641937,2.25057363266478
1081,958.342450448945,1077.99501631397,2.76153989460818
1082,960.546660507585,1080.08836556865,2.09334925467329
1083,960.793461166401,1080.37611700211,0.28775143346752
1084,960.852909126898,1080.46293081179,0.0868138096768689
1085,962.195129630219,1082.15454507636,1.69161426457049
1086,965.666658106906,1085.40224218415,3.24769710778651
1087,966.359649418714,1086.14725176025,0.745009576098255
1088,967.355168031526,1087.24847792418,1.10122616392937
1089,967.80224316658,1087.78493414644,0.536456222263269
1090,968.007748859876,1088.06938236028,0.284448213837095
1091,969.142711512754,1089.48465066969,1.41526830941029
1092,969.775561181154,1090.23454204403,0.749891374341587
1093,973.236749794629,1093.52502133044,3.29047928641512
1094,974.093929490788,1094.42754582974,0.902524499297215
1095,975.287270046333,1095.69801621189,1.27047038215278
1096,978.412243423414,1098.62053789686,2.92252168496952
1097,979.366366609651,1099.61436852949,0.993830632626441
1098,979.694243147622,1100.01124303205,0.396874502564515
1099,980.58942723258,1101.09209258058,1.08084954852416
1100,980.664884977067,1101.19495742984,0.102864849266552
1101,980.965886538168,1101.65968988891,0.464732459068273
1102,981.104933212616,1101.89418385971,0.234493970799804
1103,981.245168648476,1102.15640972402,0.262225864307084
1104,981.815175494993,1103.13720018415,0.980790460126627
1105,981.981142605815,1103.41464852105,0.27744833689917
1106,986.437710971883,1107.8948787313,4.4802302102587
1107,986.494788473518,1107.96342281139,0.068544080087122
1108,986.97333022863,1108.61337191262,0.64994910123005
1109,987.258526911978,1109.02350017451,0.410128261888303
1110,987.658838224704,1109.61884721252,0.595347038012505
1111,989.84700243723,1112.00469457051,2.38584735798645
1112,990.201087291054,1112.41446853157,0.409773961056999
1113,990.239628078921,1112.47003879144,0.0555702598701373
1114,990.995117219989,1113.54188888571,1.07185009427326
1115,992.105625082415,1114.84966722322,1.30777833751472
1116,992.311122739924,1115.11247416931,0.262806946090677
1117,993.23960293811,1116.27139007266,1.1589159033424
1118,994.355910439254,1117.51671940144,1.2453293287856
1119,995.25892360464,1118.51515820886,0.998438807418552
1120,995.270660656935,1118.53087460777,0.0157163989092624
1121,995.967756435604,1119.49540983273,0.964535224959718
1122,996.173685619566,1119.7904021048,0.294992272066338
1123,996.323296970574,1120.03480771601,0.244405611213779
1124,999.364967855839,1123.30798471946,3.27317700345316
