"model","z"
"Hawkes_correct",0.15782932114555
"Hawkes_correct",0.961050867056455
"Hawkes_correct",0.621362573098295
"Hawkes_correct",0.831058064075369
"Hawkes_correct",0.648604226699053
"Hawkes_correct",0.0395551732983122
"Hawkes_correct",0.422981747998071
"Hawkes_correct",2.62870186520661
"Hawkes_correct",1.98708422082779
"Hawkes_correct",0.844689496526875
"Hawkes_correct",1.76436018613071
"Hawkes_correct",0.784641583995802
"Hawkes_correct",0.555500126857535
"Hawkes_correct",1.7362844651743
"Hawkes_correct",0.608373329740644
"Hawkes_correct",3.5117010896891
"Hawkes_correct",0.408679290159046
"Hawkes_correct",1.1390686272583
"Hawkes_correct",1.00789463503913
"Hawkes_correct",1.08829082146595
"Hawkes_correct",0.29705490685031
"Hawkes_correct",0.57341975295548
"Hawkes_correct",1.25015570036162
"Hawkes_correct",0.0736101019524753
"Hawkes_correct",2.58894982568774
"Hawkes_correct",0.084780586029332
"Hawkes_correct",1.5262966146566
"Hawkes_correct",0.144656434172475
"Hawkes_correct",0.917986887939794
"Hawkes_correct",0.0640752357467669
"Hawkes_correct",1.83573171576265
"Hawkes_correct",0.492257031918669
"Hawkes_correct",0.145369789710568
"Hawkes_correct",0.783404156733447
"Hawkes_correct",0.22605769191621
"Hawkes_correct",0.63847838840347
"Hawkes_correct",0.615623093777117
"Hawkes_correct",1.64736061959852
"Hawkes_correct",0.0488733333215876
"Hawkes_correct",3.42288557179033
"Hawkes_correct",2.53040976281278
"Hawkes_correct",0.958930950748517
"Hawkes_correct",0.680686485980246
"Hawkes_correct",0.00622208418227643
"Hawkes_correct",0.361139900874306
"Hawkes_correct",0.00629376399869841
"Hawkes_correct",2.63682774345671
"Hawkes_correct",0.454864781750281
"Hawkes_correct",0.463175363748178
"Hawkes_correct",1.10299926309307
"Hawkes_correct",0.202143915332321
"Hawkes_correct",0.444564882868278
"Hawkes_correct",2.74021369922202
"Hawkes_correct",1.07654726212219
"Hawkes_correct",0.470740732964494
"Hawkes_correct",1.34390312774973
"Hawkes_correct",0.954658125156776
"Hawkes_correct",3.08718596680387
"Hawkes_correct",0.341926676725691
"Hawkes_correct",0.137345420071739
"Hawkes_correct",0.0232163326900903
"Hawkes_correct",1.59791341615089
"Hawkes_correct",1.3686270983566
"Hawkes_correct",0.00937151792573587
"Hawkes_correct",1.99287582930899
"Hawkes_correct",0.398334177385109
"Hawkes_correct",0.297669981372977
"Hawkes_correct",1.41029811094738
"Hawkes_correct",1.60640453875448
"Hawkes_correct",0.708312219918341
"Hawkes_correct",0.372082117557028
"Hawkes_correct",0.861434164757469
"Hawkes_correct",1.79648381995158
"Hawkes_correct",0.0995663386843262
"Hawkes_correct",0.947539932264931
"Hawkes_correct",0.507045049276755
"Hawkes_correct",0.126881263422433
"Hawkes_correct",0.21020122514561
"Hawkes_correct",4.85104743192909
"Hawkes_correct",0.432948185744408
"Hawkes_correct",1.25191117524544
"Hawkes_correct",0.0902216825250548
"Hawkes_correct",0.335925997264567
"Hawkes_correct",0.686075363658674
"Hawkes_correct",2.83817660517202
"Hawkes_correct",0.120111928381164
"Hawkes_correct",0.0599189747722164
"Hawkes_correct",0.620071313161489
"Hawkes_correct",2.62255806833893
"Hawkes_correct",0.9704957198947
"Hawkes_correct",6.06778341188949
"Hawkes_correct",0.222162226391347
"Hawkes_correct",0.563466472615175
"Hawkes_correct",0.0925197587178133
"Hawkes_correct",0.343503580960601
"Hawkes_correct",0.195806737939591
"Hawkes_correct",0.0260019680371499
"Hawkes_correct",0.905275569629154
"Hawkes_correct",0.358367837163371
"Hawkes_correct",2.78327077642463
"Hawkes_correct",0.566818310580032
"Hawkes_correct",0.180338150855661
"Hawkes_correct",1.09278131163862
"Hawkes_correct",0.261562031744418
"Hawkes_correct",0.503315540124646
"Hawkes_correct",0.53215821470441
"Hawkes_correct",0.96607643445796
"Hawkes_correct",1.32950145349884
"Hawkes_correct",2.94827334796619
"Hawkes_correct",1.00511919903838
"Hawkes_correct",0.756391424658759
"Hawkes_correct",0.175715751720404
"Hawkes_correct",0.75570603540352
"Hawkes_correct",0.436141888097112
"Hawkes_correct",0.496104922398899
"Hawkes_correct",0.530368434734953
"Hawkes_correct",1.66479672213943
"Hawkes_correct",1.05238932342974
"Hawkes_correct",2.19360617101769
"Hawkes_correct",0.390099079053925
"Hawkes_correct",0.291611739445358
"Hawkes_correct",0.649431554206529
"Hawkes_correct",0.26697231229484
"Hawkes_correct",1.64660233547995
"Hawkes_correct",0.40004380095138
"Hawkes_correct",3.27330522213256
"Hawkes_correct",0.426642946686229
"Hawkes_correct",1.68354583631788
"Hawkes_correct",1.46724803078799
"Hawkes_correct",0.965817463318572
"Hawkes_correct",0.0492160455058297
"Hawkes_correct",0.746982364811402
"Hawkes_correct",0.196674168365405
"Hawkes_correct",0.918113370206896
"Hawkes_correct",0.729197714544028
"Hawkes_correct",0.0438545919296871
"Hawkes_correct",0.0796177769057635
"Hawkes_correct",0.0962313835979671
"Hawkes_correct",0.783782554502125
"Hawkes_correct",1.62033254580842
"Hawkes_correct",1.50461038370355
"Hawkes_correct",0.0614359554845691
"Hawkes_correct",0.245330415824384
"Hawkes_correct",0.838972363916042
"Hawkes_correct",1.99359607838372
"Hawkes_correct",0.800239239419625
"Hawkes_correct",0.278256171302161
"Hawkes_correct",0.22616839422858
"Hawkes_correct",0.277554869424591
"Hawkes_correct",0.0347469348445202
"Hawkes_correct",2.84428633464321
"Hawkes_correct",0.148197301321204
"Hawkes_correct",6.02776075932854
"Hawkes_correct",0.540806790361529
"Hawkes_correct",0.0924923808628648
"Hawkes_correct",0.188739992352481
"Hawkes_correct",1.73813813576393
"Hawkes_correct",1.63107355368359
"Hawkes_correct",1.6484839771874
"Hawkes_correct",0.69034587170222
"Hawkes_correct",0.13974410761935
"Hawkes_correct",1.32754956600007
"Hawkes_correct",1.57761952464102
"Hawkes_correct",0.36868505661954
"Hawkes_correct",0.304259215978533
"Hawkes_correct",1.49609990307241
"Hawkes_correct",3.01364956945349
"Hawkes_correct",0.999163586282549
"Hawkes_correct",1.41678151939513
"Hawkes_correct",0.508702784618606
"Hawkes_correct",0.706220919180623
"Hawkes_correct",0.232842817328134
"Hawkes_correct",0.0404108099136238
"Hawkes_correct",0.136764040817468
"Hawkes_correct",0.547752564408569
"Hawkes_correct",1.30728652786965
"Hawkes_correct",0.0823702110962756
"Hawkes_correct",0.0445130737295756
"Hawkes_correct",5.55644405790707
"Hawkes_correct",0.330693695401891
"Hawkes_correct",1.29833299926366
"Hawkes_correct",1.31457180226573
"Hawkes_correct",0.359356897627492
"Hawkes_correct",1.4906273033672
"Hawkes_correct",0.335233534087195
"Hawkes_correct",0.115726827190542
"Hawkes_correct",0.582397304294545
"Hawkes_correct",0.1692402006056
"Hawkes_correct",0.17393226743593
"Hawkes_correct",0.502146767665636
"Hawkes_correct",0.681975498657295
"Hawkes_correct",1.33974070214543
"Hawkes_correct",0.053014382767941
"Hawkes_correct",0.450540964178856
"Hawkes_correct",0.259194009411857
"Hawkes_correct",0.725126629186008
"Hawkes_correct",0.138133839285388
"Hawkes_correct",2.00696437523749
"Hawkes_correct",0.425681498260161
"Hawkes_correct",1.04587178845998
"Hawkes_correct",0.00259207099711034
"Hawkes_correct",2.10511379524013
"Hawkes_correct",0.909662199814619
"Hawkes_correct",2.07783832660417
"Hawkes_correct",1.04742008887325
"Hawkes_correct",3.98264864762834
"Hawkes_correct",0.362305061481976
"Hawkes_correct",0.363620710099099
"Hawkes_correct",0.205015662067808
"Hawkes_correct",0.0218092090249229
"Hawkes_correct",0.292177588846585
"Hawkes_correct",0.874159310491706
"Hawkes_correct",0.295736403622499
"Hawkes_correct",0.196615647870999
"Hawkes_correct",1.2406324916679
"Hawkes_correct",0.0761832105766871
"Hawkes_correct",0.363353555324863
"Hawkes_correct",0.186736624915994
"Hawkes_correct",0.59080102424133
"Hawkes_correct",1.11098880202698
"Hawkes_correct",6.79245129435651
"Hawkes_correct",0.234476829729772
"Hawkes_correct",0.389893315947972
"Hawkes_correct",1.02268760176889
"Hawkes_correct",0.484612183340516
"Hawkes_correct",1.51108753768864
"Hawkes_correct",0.381295119219516
"Hawkes_correct",0.0772514675416858
"Hawkes_correct",0.623792285997297
"Hawkes_correct",2.06709033078124
"Hawkes_correct",0.79033102331988
"Hawkes_correct",0.0714223765344855
"Hawkes_correct",0.139177021728614
"Hawkes_correct",0.489496938513952
"Hawkes_correct",2.32688189237143
"Hawkes_correct",0.0377560884994068
"Hawkes_correct",0.562461769286074
"Hawkes_correct",0.352982258789837
"Hawkes_correct",0.816579700429429
"Hawkes_correct",0.239542551041268
"Hawkes_correct",3.82113797907201
"Hawkes_correct",0.108933953624074
"Hawkes_correct",0.074112198353248
"Hawkes_correct",0.085830508524225
"Hawkes_correct",0.699340562897248
"Hawkes_correct",0.349470916848105
"Hawkes_correct",0.0821682065727032
"Hawkes_correct",1.4432675077324
"Hawkes_correct",1.77534756187538
"Hawkes_correct",0.56484621084681
"Hawkes_correct",0.578308235865876
"Hawkes_correct",2.33187164994288
"Hawkes_correct",1.43044006115193
"Hawkes_correct",2.66704726008561
"Hawkes_correct",0.491935921560696
"Hawkes_correct",0.224430411376119
"Hawkes_correct",0.379300030522415
"Hawkes_correct",0.0581918384693267
"Hawkes_correct",1.88945730940978
"Hawkes_correct",0.578404183558632
"Hawkes_correct",2.59449080710903
"Hawkes_correct",2.27160433160614
"Hawkes_correct",1.47958995217527
"Hawkes_correct",1.31561492568707
"Hawkes_correct",0.0423040054540991
"Hawkes_correct",0.176115634703052
"Hawkes_correct",1.43254415051669
"Hawkes_correct",0.49811582481334
"Hawkes_correct",0.686208597955357
"Hawkes_correct",2.54998373190827
"Hawkes_correct",1.12051849157393
"Hawkes_correct",0.91061353172239
"Hawkes_correct",0.309439792263561
"Hawkes_correct",0.99420601488066
"Hawkes_correct",0.750619185670303
"Hawkes_correct",0.0970642073115187
"Hawkes_correct",0.204483621110739
"Hawkes_correct",1.08292021613084
"Hawkes_correct",0.327473239757069
"Hawkes_correct",0.21214894811834
"Hawkes_correct",0.0273815538536155
"Hawkes_correct",3.11477193220719
"Hawkes_correct",0.751406349427384
"Hawkes_correct",0.624762382483766
"Hawkes_correct",0.013054819071499
"Hawkes_correct",0.284790823772596
"Hawkes_correct",0.801365448341357
"Hawkes_correct",0.00336979780888669
"Hawkes_correct",0.155236901183287
"Hawkes_correct",0.877312782916761
"Hawkes_correct",1.03645896653472
"Hawkes_correct",0.381677694412758
"Hawkes_correct",0.995598569594335
"Hawkes_correct",0.0693535863051125
"Hawkes_correct",0.493621110468325
"Hawkes_correct",1.5556536550049
"Hawkes_correct",1.02862605497785
"Hawkes_correct",3.42603626638214
"Hawkes_correct",0.652150441288143
"Hawkes_correct",1.05401507632519
"Hawkes_correct",0.174401925963593
"Hawkes_correct",0.856969224735337
"Hawkes_correct",0.337947279577975
"Hawkes_correct",1.27026968626615
"Hawkes_correct",2.9591402739353
"Hawkes_correct",0.226267064796218
"Hawkes_correct",1.39977850364346
"Hawkes_correct",0.466605642825584
"Hawkes_correct",2.19592069515545
"Hawkes_correct",1.13222253090885
"Hawkes_correct",1.16563593761947
"Hawkes_correct",0.186516719576957
"Hawkes_correct",0.694775143190668
"Hawkes_correct",0.404287679746858
"Hawkes_correct",0.281517574368934
"Hawkes_correct",1.26180270443245
"Hawkes_correct",1.47036497707671
"Hawkes_correct",0.434840748603222
"Hawkes_correct",0.440944386242393
"Hawkes_correct",0.479963952722528
"Hawkes_correct",1.23992243865075
"Hawkes_correct",0.407999348081034
"Hawkes_correct",2.12297278045065
"Hawkes_correct",0.144504424472871
"Hawkes_correct",1.56390064251383
"Hawkes_correct",1.18111849564258
"Hawkes_correct",4.56517290898336
"Hawkes_correct",1.11964304514242
"Hawkes_correct",1.12904269498006
"Hawkes_correct",3.3530577346923
"Hawkes_correct",0.00271683296034553
"Hawkes_correct",0.0616814715364171
"Hawkes_correct",0.388753622301294
"Hawkes_correct",0.218488003068728
"Hawkes_correct",1.14142166368072
"Hawkes_correct",0.164222429256768
"Hawkes_correct",1.03104738932029
"Hawkes_correct",0.161241485821336
"Hawkes_correct",1.71747487173786
"Hawkes_correct",0.352255447925359
"Hawkes_correct",0.138243649798142
"Hawkes_correct",4.16292111304227
"Hawkes_correct",1.77333031839322
"Hawkes_correct",0.186978589370938
"Hawkes_correct",0.154100822868202
"Hawkes_correct",2.45329333571891
"Hawkes_correct",1.20815463622
"Hawkes_correct",0.33855337594116
"Hawkes_correct",1.00331701007167
"Hawkes_correct",0.538338189655576
"Hawkes_correct",0.791147025879127
"Hawkes_correct",1.36169088769321
"Hawkes_correct",0.0993938374629693
"Hawkes_correct",1.03842680190354
"Hawkes_correct",2.08808404624295
"Hawkes_correct",0.815273979358551
"Hawkes_correct",0.0935331191958539
"Hawkes_correct",1.196352197137
"Hawkes_correct",1.72356101159846
"Hawkes_correct",1.54510860650902
"Hawkes_correct",0.176210697470879
"Hawkes_correct",2.1114754571002
"Hawkes_correct",3.195839894514
"Hawkes_correct",0.557301363246836
"Hawkes_correct",0.436396475146807
"Hawkes_correct",0.801778255411023
"Hawkes_correct",0.42127269318712
"Hawkes_correct",1.58491252496208
"Hawkes_correct",1.88951129590504
"Hawkes_correct",1.46701877717777
"Hawkes_correct",0.340377363330219
"Hawkes_correct",0.27486209904805
"Hawkes_correct",1.32391200855182
"Hawkes_correct",0.849333116318519
"Hawkes_correct",1.75713202436305
"Hawkes_correct",1.86293277544837
"Hawkes_correct",2.64880502404321
"Hawkes_correct",0.578191436192185
"Hawkes_correct",0.0871013163896919
"Hawkes_correct",1.81385164839094
"Hawkes_correct",3.42854984536109
"Hawkes_correct",0.50305172024764
"Hawkes_correct",1.59369938421145
"Hawkes_correct",0.33061469428236
"Hawkes_correct",0.00468435342463636
"Hawkes_correct",0.650600677288594
"Hawkes_correct",0.529097175440995
"Hawkes_correct",2.66037032331525
"Hawkes_correct",0.15757769399346
"Hawkes_correct",2.19602155475178
"Hawkes_correct",1.32576240334754
"Hawkes_correct",1.4547764524574
"Hawkes_correct",0.356323220288459
"Hawkes_correct",2.4011533645816
"Hawkes_correct",1.02050101673285
"Hawkes_correct",0.15325254165333
"Hawkes_correct",1.63407593200543
"Hawkes_correct",2.73108285130604
"Hawkes_correct",1.65428113894961
"Hawkes_correct",0.659449142155211
"Hawkes_correct",0.994625692347938
"Hawkes_correct",2.2326974317333
"Hawkes_correct",0.993138184976203
"Hawkes_correct",0.901662344350029
"Hawkes_correct",0.629522075107332
"Hawkes_correct",1.57265621412552
"Hawkes_correct",0.690282022762403
"Hawkes_correct",1.39042503577019
"Hawkes_correct",0.650632965214811
"Hawkes_correct",0.125847534934508
"Hawkes_correct",1.34063298701966
"Hawkes_correct",1.8472219742103
"Hawkes_correct",0.143630038841025
"Hawkes_correct",2.07560056447142
"Hawkes_correct",0.269220740087349
"Hawkes_correct",1.27281299835784
"Hawkes_correct",1.09221467773074
"Hawkes_correct",1.15294516754255
"Hawkes_correct",1.45724814379037
"Hawkes_correct",0.616289001390555
"Hawkes_correct",0.396111124979313
"Hawkes_correct",0.367116458979922
"Hawkes_correct",1.19539996294219
"Hawkes_correct",0.636477541843362
"Hawkes_correct",2.14375074773716
"Hawkes_correct",0.824589397543605
"Hawkes_correct",1.807171473854
"Hawkes_correct",3.71553585718686
"Hawkes_correct",1.43437814907361
"Hawkes_correct",1.66454804208837
"Hawkes_correct",0.963415105091428
"Hawkes_correct",0.936245847254895
"Hawkes_correct",0.498798595363439
"Hawkes_correct",0.502620214876515
"Hawkes_correct",0.0232534091681487
"Hawkes_correct",0.877755851827487
"Hawkes_correct",2.65581732913404
"Hawkes_correct",3.53249382867131
"Hawkes_correct",0.0916222929630521
"Hawkes_correct",0.180784045683652
"Hawkes_correct",0.430325118283292
"Hawkes_correct",1.60164289223104
"Hawkes_correct",0.310212807846483
"Hawkes_correct",0.152330510214483
"Hawkes_correct",0.544720040915308
"Hawkes_correct",0.805773238179711
"Hawkes_correct",0.210768286736595
"Hawkes_correct",0.209112744296192
"Hawkes_correct",1.04078696046446
"Hawkes_correct",0.177396981076754
"Hawkes_correct",3.48282472804806
"Hawkes_correct",7.84418425822901
"Hawkes_correct",0.946536144953882
"Hawkes_correct",0.18039567538824
"Hawkes_correct",2.80844355966832
"Hawkes_correct",0.836830057614293
"Hawkes_correct",1.06279857641107
"Hawkes_correct",0.339639296774635
"Hawkes_correct",0.197377684955995
"Hawkes_correct",0.994272446150262
"Hawkes_correct",0.0458980952502088
"Hawkes_correct",0.779551407719623
"Hawkes_correct",0.36803617111309
"Hawkes_correct",3.27287109001429
"Hawkes_correct",0.0953345812572479
"Hawkes_correct",1.20728196487505
"Hawkes_correct",0.175191440715935
"Hawkes_correct",1.05941057092537
"Hawkes_correct",0.072159592223727
"Hawkes_correct",0.338650531033011
"Hawkes_correct",0.970761509336057
"Hawkes_correct",0.557870391882943
"Hawkes_correct",1.6765819917191
"Hawkes_correct",3.02516923588951
"Hawkes_correct",0.949403764521833
"Hawkes_correct",0.720609619492564
"Hawkes_correct",0.256907121345364
"Hawkes_correct",2.43174127749927
"Hawkes_correct",2.30524759241177
"Hawkes_correct",1.31647450988254
"Hawkes_correct",0.484742516797667
"Hawkes_correct",0.878426005344068
"Hawkes_correct",1.46750030275905
"Hawkes_correct",0.372187137025321
"Hawkes_correct",0.718053068393374
"Hawkes_correct",0.920940608132014
"Hawkes_correct",0.33976666578053
"Hawkes_correct",0.443688840006303
"Hawkes_correct",1.62194945957265
"Hawkes_correct",1.73918374327582
"Hawkes_correct",0.0304175793929744
"Hawkes_correct",1.03628713569242
"Hawkes_correct",0.62378880770774
"Hawkes_correct",2.14430418681638
"Hawkes_correct",2.01800197530463
"Hawkes_correct",0.128986365097091
"Hawkes_correct",0.872528727711142
"Hawkes_correct",1.11442561598608
"Hawkes_correct",1.95899795329024
"Hawkes_correct",1.7323379792989
"Hawkes_correct",1.02217134308989
"Hawkes_correct",0.0804525469472992
"Hawkes_correct",1.00715252912278
"Hawkes_correct",0.315244744727806
"Hawkes_correct",0.973367092425235
"Hawkes_correct",0.108393594782171
"Hawkes_correct",0.0530597306502614
"Hawkes_correct",0.15895478945265
"Hawkes_correct",0.324281377470925
"Hawkes_correct",0.064076744330805
"Hawkes_correct",1.13354625196246
"Hawkes_correct",0.821559273996627
"Hawkes_correct",0.111631854293307
"Hawkes_correct",0.473551362933279
"Hawkes_correct",1.30557651803758
"Hawkes_correct",0.885422605840404
"Hawkes_correct",0.300487110496306
"Hawkes_correct",0.315570866815619
"Hawkes_correct",1.01931045958349
"Hawkes_correct",0.339161418531944
"Hawkes_correct",0.549705392832038
"Hawkes_correct",2.19683155778011
"Hawkes_correct",4.25706751907353
"Hawkes_correct",0.678042093529484
"Hawkes_correct",2.96326045938076
"Hawkes_correct",0.145753236035603
"Hawkes_correct",0.808445945927019
"Hawkes_correct",0.488648466973245
"Hawkes_correct",0.493290768920019
"Hawkes_correct",0.495753561934862
"Hawkes_correct",1.56152057271163
"Hawkes_correct",0.0257556332317108
"Hawkes_correct",3.17723970901841
"Hawkes_correct",2.30690022336796
"Hawkes_correct",0.741327159061143
"Hawkes_correct",0.265142659452636
"Hawkes_correct",0.0357360457270488
"Hawkes_correct",1.8301146562336
"Hawkes_correct",1.25749951334376
"Hawkes_correct",0.379340810957842
"Hawkes_correct",0.463651908254064
"Hawkes_correct",0.169712495761928
"Hawkes_correct",0.947816889369847
"Hawkes_correct",0.124155427018081
"Hawkes_correct",0.243970129173817
"Hawkes_correct",0.0278750829909313
"Hawkes_correct",0.23735458758631
"Hawkes_correct",0.153393825767921
"Hawkes_correct",0.832659880034043
"Hawkes_correct",0.570383314791911
"Hawkes_correct",0.956272181492523
"Hawkes_correct",0.0764608262624051
"Hawkes_correct",3.24565223039349
"Hawkes_correct",0.380189599938717
"Hawkes_correct",2.44681782758676
"Hawkes_correct",0.817295024112809
"Hawkes_correct",3.09094091288193
"Hawkes_correct",2.29248951466445
"Hawkes_correct",0.10793721357345
"Hawkes_correct",0.106988805393939
"Hawkes_correct",1.10362420274873
"Hawkes_correct",0.482625327120559
"Hawkes_correct",1.4894432410764
"Hawkes_correct",0.492772148879681
"Hawkes_correct",0.269860118162342
"Hawkes_correct",2.77795208551845
"Hawkes_correct",0.0541781186771004
"Hawkes_correct",1.58807711882298
"Hawkes_correct",0.65252401990665
"Hawkes_correct",1.96280081956616
"Hawkes_correct",1.65866532835526
"Hawkes_correct",0.358666206011321
"Hawkes_correct",0.240860259501119
"Hawkes_correct",0.102503398588169
"Hawkes_correct",0.563906309976232
"Hawkes_correct",4.63586838954905
"Hawkes_correct",1.45005190007896
"Hawkes_correct",0.597266066523503
"Hawkes_correct",0.980932131026293
"Hawkes_correct",0.976189126062422
"Hawkes_correct",0.939905564347896
"Hawkes_correct",0.396401463513143
"Hawkes_correct",2.50643857314401
"Hawkes_correct",2.03956633898099
"Hawkes_correct",0.292091301802657
"Hawkes_correct",0.674965791749287
"Hawkes_correct",1.61093010427021
"Hawkes_correct",0.641805543391229
"Hawkes_correct",2.67967956545101
"Hawkes_correct",0.0846312654774692
"Hawkes_correct",0.859775922385552
"Hawkes_correct",0.31486585974892
"Hawkes_correct",2.27538336129601
"Hawkes_correct",0.776202243930811
"Hawkes_correct",0.993933641572085
"Hawkes_correct",0.676902307792602
"Hawkes_correct",0.842601037684176
"Hawkes_correct",1.72669066534309
"Hawkes_correct",0.214808788109508
"Hawkes_correct",0.70354594161256
"Hawkes_correct",0.0804847788479037
"Hawkes_correct",1.0435700225803
"Hawkes_correct",0.796847046854737
"Hawkes_correct",0.224401184930571
"Hawkes_correct",1.99018710742803
"Hawkes_correct",2.85337795955377
"Hawkes_correct",1.25298273661292
"Hawkes_correct",0.319127284148635
"Hawkes_correct",0.62376899261335
"Hawkes_correct",0.161726393635035
"Hawkes_correct",0.331834331001119
"Hawkes_correct",0.330042643962315
"Hawkes_correct",0.206507763587751
"Hawkes_correct",1.43223509958864
"Hawkes_correct",1.23704965411162
"Hawkes_correct",1.58585279980446
"Hawkes_correct",3.56376399323017
"Hawkes_correct",1.1387764044415
"Hawkes_correct",1.2851542737825
"Hawkes_correct",0.265229014673196
"Hawkes_correct",0.544417834103456
"Hawkes_correct",0.228690867391038
"Hawkes_correct",0.222656428195478
"Hawkes_correct",0.789606025974877
"Hawkes_correct",0.538506039391564
"Hawkes_correct",2.47789085810746
"Hawkes_correct",0.129269601633382
"Hawkes_correct",0.732367958412965
"Hawkes_correct",0.0751875684595689
"Hawkes_correct",0.486563209332871
"Hawkes_correct",0.0998025161778742
"Hawkes_correct",1.67598483376821
"Hawkes_correct",0.723422703865481
"Hawkes_correct",0.113601076457144
"Hawkes_correct",0.223688933153426
"Hawkes_correct",0.638087420054376
"Hawkes_correct",3.26944351177463
"Hawkes_correct",1.65236514166008
"Hawkes_correct",2.8462948516069
"Hawkes_correct",1.42614106034603
"Hawkes_correct",0.779683301958926
"Hawkes_correct",2.11726272684314
"Hawkes_correct",0.209341790445933
"Hawkes_correct",2.20964139256637
"Hawkes_correct",0.443105145939398
"Hawkes_correct",1.00747028095066
"Hawkes_correct",0.632259751202469
"Hawkes_correct",0.530223368907173
"Hawkes_correct",0.0103690232188001
"Hawkes_correct",0.763281936643693
"Hawkes_correct",0.341854667972939
"Hawkes_correct",0.604768438915471
"Hawkes_correct",2.65182223671752
"Hawkes_correct",0.300229034193649
"Hawkes_correct",1.2562063979301
"Hawkes_correct",0.720897603650997
"Hawkes_correct",0.403399267341456
"Hawkes_correct",0.0191020121864085
"Hawkes_correct",0.251923174331296
"Hawkes_correct",1.42707614765993
"Hawkes_correct",0.553026091006359
"Hawkes_correct",0.808750703672331
"Hawkes_correct",1.02592327148363
"Hawkes_correct",0.562699682447828
"Hawkes_correct",0.186800662468613
"Hawkes_correct",0.26326700416098
"Hawkes_correct",0.0194406253314128
"Hawkes_correct",0.683638112134872
"Hawkes_correct",0.904169688327784
"Hawkes_correct",1.87090572700595
"Hawkes_correct",0.78280500944129
"Hawkes_correct",0.609072631370054
"Hawkes_correct",1.16786189789957
"Hawkes_correct",0.490140519902297
"Hawkes_correct",0.295961705309537
"Hawkes_correct",0.165375905835845
"Hawkes_correct",1.48130569066848
"Hawkes_correct",0.020955171839546
"Hawkes_correct",0.597011956058736
"Hawkes_correct",0.0839364874648254
"Hawkes_correct",1.82556959817737
"Hawkes_correct",4.7936753422058
"Hawkes_correct",4.80927738081346
"Hawkes_correct",0.087211824827591
"Hawkes_correct",0.19244824580187
"Hawkes_correct",1.70387906581527
"Hawkes_correct",0.569334977628955
"Hawkes_correct",0.185520647017825
"Hawkes_correct",0.253163214509982
"Hawkes_correct",0.849020125854395
"Hawkes_correct",2.26476089717573
"Hawkes_correct",1.87181803171552
"Hawkes_correct",2.3444282631441
"Hawkes_correct",0.178924118389659
"Hawkes_correct",4.87969075363208
"Hawkes_correct",0.409127647228843
"Hawkes_correct",0.940827265462417
"Hawkes_correct",0.540488115936682
"Hawkes_correct",1.97736315777968
"Hawkes_correct",1.17247313671976
"Hawkes_correct",1.16346647620435
"Hawkes_correct",0.0440084335675692
"Hawkes_correct",0.149596901389032
"Hawkes_correct",2.18598828070276
"Hawkes_correct",2.68299965139215
"Hawkes_correct",1.32099139429795
"Hawkes_correct",2.27391926705991
"Hawkes_correct",0.563680164354082
"Hawkes_correct",1.38512615097943
"Hawkes_correct",0.74787514673767
"Hawkes_correct",0.390015831402366
"Hawkes_correct",0.409882296492356
"Hawkes_correct",0.395101703233195
"Hawkes_correct",2.24755977041264
"Hawkes_correct",0.88565344962808
"Hawkes_correct",1.13965436705473
"Hawkes_correct",1.09894729541827
"Hawkes_correct",0.127213413298705
"Hawkes_correct",0.572158968129997
"Hawkes_correct",1.16370407072259
"Hawkes_correct",0.159522985230296
"Hawkes_correct",0.545925811483585
"Hawkes_correct",1.89576718202647
"Hawkes_correct",0.903492579427848
"Hawkes_correct",2.96698510468411
"Hawkes_correct",0.182920070221144
"Hawkes_correct",0.630666544787118
"Hawkes_correct",0.857578094992846
"Hawkes_correct",0.0293397272218954
"Hawkes_correct",0.247238461167285
"Hawkes_correct",1.3285050269601
"Hawkes_correct",0.638217003960904
"Hawkes_correct",1.52420125824426
"Hawkes_correct",0.0695999961550342
"Hawkes_correct",0.0365766655387461
"Hawkes_correct",0.407223014981241
"Hawkes_correct",1.22323119699843
"Hawkes_correct",0.153361760195821
"Hawkes_correct",1.63314500141553
"Hawkes_correct",1.52713674767153
"Hawkes_correct",0.230914248201657
"Hawkes_correct",0.0512768323453656
"Hawkes_correct",0.0492886772835845
"Hawkes_correct",1.41351772603753
"Hawkes_correct",0.39167350117998
"Hawkes_correct",0.0203396510170251
"Hawkes_correct",1.42969723721603
"Hawkes_correct",0.630846013318205
"Hawkes_correct",1.71737607960426
"Hawkes_correct",0.75840119565396
"Hawkes_correct",1.16300285469811
"Hawkes_correct",2.30223698142868
"Hawkes_correct",2.44919038295996
"Hawkes_correct",0.539839403966312
"Hawkes_correct",0.676571849506217
"Hawkes_correct",0.895227360346553
"Hawkes_correct",0.219337974730138
"Hawkes_correct",0.879529475041295
"Hawkes_correct",1.58909686418781
"Hawkes_correct",0.103949876398701
"Hawkes_correct",0.797205182377752
"Hawkes_correct",0.627646833354675
"Hawkes_correct",0.230256644683777
"Hawkes_correct",2.2794836880031
"Hawkes_correct",0.702292731795751
"Hawkes_correct",0.879500630495727
"Hawkes_correct",1.1284412495047
"Hawkes_correct",4.21951445394575
"Hawkes_correct",0.361525028326696
"Hawkes_correct",1.22600099812689
"Hawkes_correct",0.0127493103423149
"Hawkes_correct",0.750121318004972
"Hawkes_correct",0.144876079079722
"Hawkes_correct",1.06305290861417
"Hawkes_correct",2.87568995139952
"Hawkes_correct",0.568754277865992
"Hawkes_correct",0.163518254702126
"Hawkes_correct",3.64640728418681
"Hawkes_correct",0.651036036974119
"Hawkes_correct",0.472317289002604
"Hawkes_correct",0.368596059945162
"Hawkes_correct",0.569410191149132
"Hawkes_correct",2.018696132993
"Hawkes_correct",0.485341232804103
"Hawkes_correct",1.53236144393964
"Hawkes_correct",2.41256047947161
"Hawkes_correct",0.565627305539465
"Hawkes_correct",0.666877422178345
"Hawkes_correct",0.0762660538962336
"Hawkes_correct",0.839495076375329
"Hawkes_correct",2.21607441122319
"Hawkes_correct",0.22212196631142
"Hawkes_correct",1.09462649671832
"Hawkes_correct",1.2147599153368
"Hawkes_correct",1.09109666000018
"Hawkes_correct",0.810104030067464
"Hawkes_correct",0.0990499597958205
"Hawkes_correct",1.93077601169068
"Hawkes_correct",2.8647296753868
"Hawkes_correct",1.98566452072816
"Hawkes_correct",0.19459773447727
"Hawkes_correct",0.00257610566893618
"Hawkes_correct",0.729603958587745
"Hawkes_correct",0.490326835158157
"Hawkes_correct",1.35231684999667
"Hawkes_correct",1.14779683226902
"Hawkes_correct",0.612503468910177
"Hawkes_correct",0.00730388764975487
"Hawkes_correct",0.104317310656029
"Hawkes_correct",0.391969396747186
"Hawkes_correct",0.463930539655848
"Hawkes_correct",0.930604704874099
"Hawkes_correct",0.781206768036895
"Hawkes_correct",0.436101052278445
"Hawkes_correct",0.314242350702443
"Hawkes_correct",0.197648613045658
"Hawkes_correct",2.13502371472146
"Hawkes_correct",0.792597604768957
"Hawkes_correct",0.0788167374589648
"Hawkes_correct",1.8626667371251
"Hawkes_correct",1.84763173460703
"Hawkes_correct",0.275348061292448
"Hawkes_correct",0.182997709160873
"Hawkes_correct",0.785687564051159
"Hawkes_correct",0.404773106989524
"Hawkes_correct",0.0349641191129422
"Hawkes_correct",0.275451813851191
"Hawkes_correct",3.54924480409056
"Hawkes_correct",1.23622041971441
"Hawkes_correct",0.00503413922308482
"Hawkes_correct",0.344536300621712
"Hawkes_correct",0.482010657099522
"Hawkes_correct",1.63182866023931
"Hawkes_correct",1.3141248186339
"Hawkes_correct",0.937989579143391
"Hawkes_correct",0.0824841880007625
"Hawkes_correct",1.13041663315391
"Hawkes_correct",5.08159354977693
"Hawkes_correct",0.627815567805555
"Hawkes_correct",2.21468498748641
"Hawkes_correct",1.40196371795867
"Hawkes_correct",1.3917697990571
"Hawkes_correct",2.8091805018264
"Hawkes_correct",0.474764744514118
"Hawkes_correct",0.480576804882389
"Hawkes_correct",1.37095671305235
"Hawkes_correct",0.437545187920932
"Hawkes_correct",0.674458130434914
"Hawkes_correct",1.25393468952552
"Hawkes_correct",2.9681418648679
"Hawkes_correct",0.0820701849709167
"Hawkes_correct",0.257722941568431
"Hawkes_correct",0.725646318023564
"Hawkes_correct",0.0931028126167348
"Hawkes_correct",1.52989764383938
"Hawkes_correct",1.55222583661475
"Hawkes_correct",3.54952603203355
"Hawkes_correct",0.211379402328248
"Hawkes_correct",1.6745318945251
"Hawkes_correct",1.05936540290554
"Hawkes_correct",1.41049935711521
"Hawkes_correct",0.601411118915621
"Hawkes_correct",0.421759720603404
"Hawkes_correct",0.130338397277569
"Hawkes_correct",1.83306798391391
"Hawkes_correct",0.519320054066043
"Hawkes_correct",0.130133731406886
"Hawkes_correct",1.59968568642398
"Hawkes_correct",1.21092702843475
"Hawkes_correct",1.3462016155878
"Hawkes_correct",0.680202442127325
"Hawkes_correct",0.21162396538034
"Hawkes_correct",0.55623732348522
"Hawkes_correct",0.470181535668871
"Hawkes_correct",0.564103009038831
"Hawkes_correct",0.368332436440028
"Hawkes_correct",0.155005695281034
"Hawkes_correct",2.59871352283096
"Hawkes_correct",0.393726617046354
"Hawkes_correct",1.17194914170614
"Hawkes_correct",2.44722330639911
"Hawkes_correct",0.298164185970791
"Hawkes_correct",1.00064080280481
"Hawkes_correct",0.115352287996529
"Hawkes_correct",1.04908481147743
"Hawkes_correct",1.53154762758516
"Hawkes_correct",0.50717166523873
"Hawkes_correct",0.137088186040273
"Hawkes_correct",2.41394087961021
"Hawkes_correct",1.99089237994872
"Hawkes_correct",0.12049254590147
"Hawkes_correct",0.0384114489819467
"Hawkes_correct",0.6090923992939
"Hawkes_correct",0.40575832478271
"Hawkes_correct",0.771560089414606
"Hawkes_correct",2.60264285023595
"Hawkes_correct",0.146070581880622
"Hawkes_correct",0.425108811972905
"Hawkes_correct",0.68004655770028
"Hawkes_correct",0.0403691239910131
"Hawkes_correct",1.17229615429051
"Hawkes_correct",0.0418407445542925
"Hawkes_correct",0.769700393540802
"Hawkes_correct",0.175090759689965
"Hawkes_correct",0.154558289131955
"Hawkes_correct",0.245523584264106
"Hawkes_correct",0.157260605547322
"Hawkes_correct",0.194468726086484
"Hawkes_correct",0.0344405230634948
"Hawkes_correct",1.4582076098294
"Hawkes_correct",2.71553894841759
"Hawkes_correct",2.69491766497288
"Hawkes_correct",1.02405549940897
"Hawkes_correct",0.166690041815855
"Hawkes_correct",0.78940364360858
"Hawkes_correct",2.93551713514489
"Hawkes_correct",0.0892266689376129
"Hawkes_correct",1.77829367502693
"Hawkes_correct",0.0415732449159805
"Hawkes_correct",2.99513700767136
"Hawkes_correct",0.259530355396805
"Hawkes_correct",0.380640985768423
"Hawkes_correct",1.87390587455047
"Hawkes_correct",2.47284328530316
"Hawkes_correct",1.42478928820572
"Hawkes_correct",0.143647708633694
"Hawkes_correct",0.368169274860179
"Hawkes_correct",0.00275538544565279
"Hawkes_correct",0.539196885555612
"Hawkes_correct",0.383229917459403
"Hawkes_correct",0.246018731384538
"Hawkes_correct",1.17401031598888
"Hawkes_correct",0.408851189361485
"Hawkes_correct",0.58788594876296
"Hawkes_correct",0.0944974741460101
"Hawkes_correct",0.33782524557023
"Hawkes_correct",3.22083144077965
"Hawkes_correct",0.187742327406113
"Hawkes_correct",0.811811058730882
"Hawkes_correct",0.222626315155367
"Hawkes_correct",0.939087568711329
"Hawkes_correct",0.00551601365611987
"Hawkes_correct",1.59753083867884
"Hawkes_correct",0.205267909426311
"Hawkes_correct",0.20263812932501
"Hawkes_correct",0.364917916158788
"Hawkes_correct",0.0731161255699817
"Hawkes_correct",1.73737165704802
"Hawkes_correct",0.114492299185599
"Hawkes_correct",0.306997425439477
"Hawkes_correct",0.3162986850773
"Hawkes_correct",1.38416482270986
"Hawkes_correct",1.55474688006234
"Hawkes_correct",3.1607411002442
"Hawkes_correct",0.809344433783508
"Hawkes_correct",0.109028164316442
"Hawkes_correct",0.78474968696662
"Hawkes_correct",0.908832809493902
"Hawkes_correct",0.00341764961660829
"Hawkes_correct",0.0940415049583407
"Hawkes_correct",2.26268390591088
"Hawkes_correct",2.07389939111135
"Hawkes_correct",0.184742489569089
"Hawkes_correct",0.423680045069091
"Hawkes_correct",0.747130195595105
"Hawkes_correct",0.0378218737424731
"Hawkes_correct",0.74793641125973
"Hawkes_correct",0.532831764815683
"Hawkes_correct",1.1619877413757
"Hawkes_correct",0.181216311018943
"Hawkes_correct",0.0888280562692216
"Hawkes_correct",0.348473148372705
"Hawkes_correct",1.00479742691618
"Hawkes_correct",1.48625054785907
"Hawkes_correct",0.757568313358661
"Hawkes_correct",0.308326837756113
"Hawkes_correct",2.50574302026416
"Hawkes_correct",2.3651658072647
"Hawkes_correct",0.690551443777395
"Hawkes_correct",0.842438034211682
"Hawkes_correct",1.37435891154746
"Hawkes_correct",0.68930890287811
"Hawkes_correct",0.347157771287812
"Hawkes_correct",0.137587473478902
"Hawkes_correct",1.64390125044656
"Hawkes_correct",0.891436497331711
"Hawkes_correct",0.0846969118480274
"Hawkes_correct",1.55080693875152
"Hawkes_correct",0.397330962791557
"Hawkes_correct",1.98136766432799
"Hawkes_correct",0.506155490449601
"Hawkes_correct",1.56427898129232
"Hawkes_correct",0.460673468761911
"Hawkes_correct",2.09179914403558
"Hawkes_correct",1.80046289208576
"Hawkes_correct",1.13722446535553
"Hawkes_correct",0.559938216173236
"Hawkes_correct",0.154787355956728
"Hawkes_correct",0.548403715828726
"Hawkes_correct",4.057545072067
"Hawkes_correct",3.91141922092208
"Hawkes_correct",0.0047249834753984
"Hawkes_correct",4.41848491344581
"Hawkes_correct",0.0768285368785655
"Hawkes_correct",0.854465545045059
"Hawkes_correct",2.319449927709
"Hawkes_correct",1.37205778396924
"Hawkes_correct",0.70488871204077
"Hawkes_correct",0.550296103046207
"Hawkes_correct",0.89563377996933
"Hawkes_correct",1.81553157576002
"Hawkes_correct",2.6196403216785
"Hawkes_correct",1.15427257312604
"Hawkes_correct",0.0692004880263539
"Hawkes_correct",0.233528343745775
"Hawkes_correct",4.32716071581285
"Hawkes_correct",0.278213913191394
"Hawkes_correct",2.45658267696763
"Hawkes_correct",0.657996093617385
"Hawkes_correct",1.68019237742737
"Hawkes_correct",1.62886363315056
"Hawkes_correct",2.36321918865133
"Hawkes_correct",1.9674008723257
"Hawkes_correct",1.81377738298761
"Hawkes_correct",1.01493935140388
"Hawkes_correct",2.11995305704272
"Hawkes_correct",0.573375499465101
"Hawkes_correct",0.925970350084071
"Hawkes_correct",2.08027122630006
"Hawkes_correct",2.01364570413875
"Hawkes_correct",0.307405634238648
"Hawkes_correct",0.554066228702368
"Hawkes_correct",2.2880781238398
"Hawkes_correct",1.44896588513598
"Hawkes_correct",1.23026444690981
"Hawkes_correct",1.13487145323779
"Hawkes_correct",0.954651839960206
"Hawkes_correct",1.91316340977005
"Hawkes_correct",2.02828417658043
"Hawkes_correct",1.93998996782784
"Hawkes_correct",0.347028175467813
"Hawkes_correct",0.750010770734207
"Hawkes_correct",0.628665449430855
"Hawkes_correct",3.57071880560079
"Hawkes_correct",0.135144756331329
"Hawkes_correct",0.324635614031422
"Hawkes_correct",1.64350017653624
"Hawkes_correct",0.668071438592051
"Hawkes_correct",0.91260207536402
"Hawkes_correct",2.9847142057572
"Hawkes_correct",1.52273452634677
"Hawkes_correct",1.01636021715058
"Hawkes_correct",0.508892738741451
"Hawkes_correct",0.971948761636668
"Hawkes_correct",1.44760838500611
"Hawkes_correct",0.0364139142684508
"Hawkes_correct",0.313031020406925
"Hawkes_correct",1.0308328335459
"Hawkes_correct",2.31488434705125
"Hawkes_correct",0.411083567586957
"Hawkes_correct",1.79968307697936
"Hawkes_correct",3.82232002646515
"Hawkes_correct",0.797017857037645
"Hawkes_correct",0.0813646073609107
"Hawkes_correct",1.52176529928624
"Hawkes_correct",0.171606808551132
"Hawkes_correct",0.422365281467592
"Hawkes_correct",0.175914670606289
"Hawkes_correct",0.675080077183793
"Hawkes_correct",1.49791544849336
"Hawkes_correct",0.264059705336422
"Hawkes_correct",0.256879968017756
"Hawkes_correct",0.758555093792211
"Hawkes_correct",0.0303184011893336
"Hawkes_correct",1.65065577397922
"Hawkes_correct",0.349648696254235
"Hawkes_correct",0.195437708595819
"Hawkes_correct",0.224923416076763
"Hawkes_correct",0.044195632071478
"Hawkes_correct",0.752613561409589
"Hawkes_correct",1.14427633761784
"Hawkes_correct",0.0885628438011281
"Hawkes_correct",2.2994274217574
"Hawkes_correct",0.958445508257682
"Hawkes_correct",0.929621839840138
"Hawkes_correct",0.384788748994197
"Hawkes_correct",0.266487376351279
"Hawkes_correct",1.06566677336264
"Hawkes_correct",3.84755306012494
"Hawkes_correct",0.34467110481387
"Hawkes_correct",2.66189082530991
"Hawkes_correct",0.553334767383149
"Hawkes_correct",0.800038772896187
"Hawkes_correct",0.23531738010297
"Hawkes_correct",0.966190002145595
"Hawkes_correct",0.195747102408632
"Hawkes_correct",0.190634419097705
"Hawkes_correct",1.30154279667181
"Hawkes_correct",0.759095048800873
"Hawkes_correct",0.557063928357593
"Hawkes_correct",0.757492165377016
"Hawkes_correct",0.964102490724372
"Hawkes_correct",0.060589922292138
"Hawkes_correct",4.47451512197767
"Hawkes_correct",2.97771452438406
"Hawkes_correct",2.02519982921081
"Hawkes_correct",0.531797169291394
"Hawkes_correct",1.09837578828365
"Hawkes_correct",2.35476348024122
"Hawkes_correct",1.09239402753042
"Hawkes_correct",0.359551145942078
"Hawkes_correct",1.55659037200985
"Hawkes_correct",3.45387910944646
"Hawkes_correct",1.7668305128982
"Hawkes_correct",0.732739788061963
"Hawkes_correct",0.76317819054907
"Hawkes_correct",1.76909033259494
"Hawkes_correct",0.595878856281615
"Hawkes_correct",0.314789253443223
"Hawkes_correct",0.236478045714421
"Hawkes_correct",0.809898857692815
"Hawkes_correct",0.135230481109375
"Hawkes_correct",0.75417153933904
"Hawkes_correct",0.116855430815804
"Hawkes_correct",0.0542065266408827
"Hawkes_correct",0.560297068419459
"Hawkes_correct",0.0298203649438165
"Hawkes_correct",1.17266599722143
"Hawkes_correct",0.199268718340818
"Hawkes_correct",0.0340271707391366
"Hawkes_correct",0.0339288633074375
"Hawkes_correct",0.00919838846971288
"Hawkes_correct",1.39174129207186
"Hawkes_correct",0.718456249401243
"Hawkes_correct",0.718728063026447
"Hawkes_correct",0.98470712029598
"Hawkes_correct",0.584782383150014
"Hawkes_correct",1.0427991790732
"Hawkes_correct",2.0227738729352
"Hawkes_correct",0.11435426866683
"Hawkes_correct",1.9689666368356
"Hawkes_correct",0.577432906638251
"Hawkes_correct",1.02796125133364
"Hawkes_correct",0.100862659078985
"Hawkes_correct",3.43772775794218
"Hawkes_correct",0.32124699698079
"Hawkes_correct",0.147595124111376
"Hawkes_correct",0.492228918037654
"Hawkes_correct",0.318115867123652
"Hawkes_correct",1.60970914445329
"Hawkes_correct",1.79815820305043
"Hawkes_correct",0.311031791776259
"Hawkes_correct",1.28941914574034
"Hawkes_correct",1.18746060280114
"Hawkes_correct",0.665568313168706
"Hawkes_correct",0.146693834033613
"Hawkes_correct",2.32201881410583
"Hawkes_correct",0.722308208158893
"Hawkes_correct",0.449082350723074
"Hawkes_correct",0.437811683290647
"Hawkes_correct",2.32227640517931
"Hawkes_correct",0.212232419203019
"Hawkes_correct",0.183075124475863
"Hawkes_correct",0.187764601048912
"Hawkes_correct",0.323702348538973
"Hawkes_correct",0.876184676787034
"Hawkes_correct",0.538776987469646
"Hawkes_correct",0.0218466140345299
"Hawkes_correct",0.669699875074457
"Hawkes_correct",0.627932094056177
"Poisson_wrong",0.224065704509849
"Poisson_wrong",1.03848542565984
"Poisson_wrong",0.588294024198931
"Poisson_wrong",0.755066697786391
"Poisson_wrong",0.566094786259459
"Poisson_wrong",0.0282206484776077
"Poisson_wrong",0.259516250165893
"Poisson_wrong",2.58573133804215
"Poisson_wrong",2.38656069307784
"Poisson_wrong",0.885978626908928
"Poisson_wrong",1.99354769705094
"Poisson_wrong",0.804624770945519
"Poisson_wrong",0.50026446966303
"Poisson_wrong",1.82120033540309
"Poisson_wrong",0.593386072741103
"Poisson_wrong",4.36542573541631
"Poisson_wrong",0.396922169596028
"Poisson_wrong",1.09493831391558
"Poisson_wrong",1.00525870095791
"Poisson_wrong",1.10586273834896
"Poisson_wrong",0.25707955827508
"Poisson_wrong",0.442752465951649
"Poisson_wrong",1.10752319632249
"Poisson_wrong",0.0575724794461046
"Poisson_wrong",2.73006206235686
"Poisson_wrong",0.0752903388564548
"Poisson_wrong",1.45299296710271
"Poisson_wrong",0.121703203893496
"Poisson_wrong",0.740971680649405
"Poisson_wrong",0.0455651748221868
"Poisson_wrong",1.62107236413328
"Poisson_wrong",0.44860439429219
"Poisson_wrong",0.10703332668492
"Poisson_wrong",0.553656717268197
"Poisson_wrong",0.150163653972022
"Poisson_wrong",0.40662578357562
"Poisson_wrong",0.408087113965877
"Poisson_wrong",1.45782486109534
"Poisson_wrong",0.0394205961227314
"Poisson_wrong",3.92820893356187
"Poisson_wrong",3.17307154823293
"Poisson_wrong",1.03282076570707
"Poisson_wrong",0.652070452895792
"Poisson_wrong",0.00466853781645682
"Poisson_wrong",0.225298678728073
"Poisson_wrong",0.00333347615018909
"Poisson_wrong",2.2216904223564
"Poisson_wrong",0.424146868533555
"Poisson_wrong",0.37337292694906
"Poisson_wrong",0.953707675213558
"Poisson_wrong",0.158726189285183
"Poisson_wrong",0.304624779167604
"Poisson_wrong",2.89127005495671
"Poisson_wrong",1.17288463219941
"Poisson_wrong",0.4352125833569
"Poisson_wrong",1.32226727187901
"Poisson_wrong",0.963065000891021
"Poisson_wrong",3.83347748768009
"Poisson_wrong",0.326963002079935
"Poisson_wrong",0.101806264833328
"Poisson_wrong",0.0135074883616042
"Poisson_wrong",1.13301475262806
"Poisson_wrong",1.34612290332157
"Poisson_wrong",0.00762448443609998
"Poisson_wrong",1.95005836988972
"Poisson_wrong",0.369077478052034
"Poisson_wrong",0.227241754601891
"Poisson_wrong",1.23332068531367
"Poisson_wrong",1.74953201462428
"Poisson_wrong",0.707427117623141
"Poisson_wrong",0.314110046919893
"Poisson_wrong",0.712881909066681
"Poisson_wrong",1.89099162014871
"Poisson_wrong",0.0866617408972274
"Poisson_wrong",0.782802693523323
"Poisson_wrong",0.411470557040445
"Poisson_wrong",0.086393568512733
"Poisson_wrong",0.119789587300218
"Poisson_wrong",5.51612896561419
"Poisson_wrong",0.422938456720843
"Poisson_wrong",1.23742648255866
"Poisson_wrong",0.0743564153175242
"Poisson_wrong",0.227137935471461
"Poisson_wrong",0.458697025085513
"Poisson_wrong",3.06853891066461
"Poisson_wrong",0.108247906077423
"Poisson_wrong",0.0404401039701554
"Poisson_wrong",0.384869116074285
"Poisson_wrong",2.65603647277933
"Poisson_wrong",1.0339467105815
"Poisson_wrong",8.09328696978044
"Poisson_wrong",0.207150286418212
"Poisson_wrong",0.450683737945496
"Poisson_wrong",0.0624043136859598
"Poisson_wrong",0.199592609651006
"Poisson_wrong",0.102164092444781
"Poisson_wrong",0.0115950497547601
"Poisson_wrong",0.416768030113047
"Poisson_wrong",0.176826987690944
"Poisson_wrong",2.43128643235687
"Poisson_wrong",0.549225916807401
"Poisson_wrong",0.140380029355569
"Poisson_wrong",0.878846391174491
"Poisson_wrong",0.200036750644159
"Poisson_wrong",0.347280015844362
"Poisson_wrong",0.358095800353851
"Poisson_wrong",0.719883554006941
"Poisson_wrong",1.23917116108845
"Poisson_wrong",3.6367683682186
"Poisson_wrong",1.09173749121172
"Poisson_wrong",0.740667801688474
"Poisson_wrong",0.140511126462457
"Poisson_wrong",0.567142999771377
"Poisson_wrong",0.317801666484755
"Poisson_wrong",0.340313628066042
"Poisson_wrong",0.354656522014238
"Poisson_wrong",1.46762608685295
"Poisson_wrong",1.06729724875842
"Poisson_wrong",2.58943774338809
"Poisson_wrong",0.373707668432019
"Poisson_wrong",0.226678702533007
"Poisson_wrong",0.474010916444698
"Poisson_wrong",0.179291805017812
"Poisson_wrong",1.38745202213433
"Poisson_wrong",0.345024695920685
"Poisson_wrong",3.88224094488997
"Poisson_wrong",0.415402410716823
"Poisson_wrong",1.78677606234923
"Poisson_wrong",1.65603326397925
"Poisson_wrong",1.01506420814523
"Poisson_wrong",0.0402086661277679
"Poisson_wrong",0.555233763620407
"Poisson_wrong",0.133540646447358
"Poisson_wrong",0.637870437550589
"Poisson_wrong",0.558517987720222
"Poisson_wrong",0.0291402957542175
"Poisson_wrong",0.0424002414710287
"Poisson_wrong",0.0433424214604656
"Poisson_wrong",0.35873616255779
"Poisson_wrong",1.0854445915794
"Poisson_wrong",1.48092789292033
"Poisson_wrong",0.0511497047068588
"Poisson_wrong",0.162374704770855
"Poisson_wrong",0.564419963376338
"Poisson_wrong",1.96354817720285
"Poisson_wrong",0.809353824737684
"Poisson_wrong",0.233090204000831
"Poisson_wrong",0.155443073594284
"Poisson_wrong",0.165262674395024
"Poisson_wrong",0.0175693772793579
"Poisson_wrong",2.42637552550889
"Poisson_wrong",0.130052347552777
"Poisson_wrong",7.74611585896005
"Poisson_wrong",0.540651967216291
"Poisson_wrong",0.0714323527193415
"Poisson_wrong",0.117076265365853
"Poisson_wrong",1.39204046789598
"Poisson_wrong",1.7729979311969
"Poisson_wrong",1.90407246127484
"Poisson_wrong",0.695327470349127
"Poisson_wrong",0.111547375286904
"Poisson_wrong",1.14282287397015
"Poisson_wrong",1.69374729096651
"Poisson_wrong",0.34044565625652
"Poisson_wrong",0.231165206569415
"Poisson_wrong",1.33128985362072
"Poisson_wrong",3.7233683598686
"Poisson_wrong",1.0844611371341
"Poisson_wrong",1.55634010282321
"Poisson_wrong",0.484152167909059
"Poisson_wrong",0.616408166428045
"Poisson_wrong",0.176024332665378
"Poisson_wrong",0.0243930289462924
"Poisson_wrong",0.068350622176041
"Poisson_wrong",0.262488344254933
"Poisson_wrong",0.800325098460917
"Poisson_wrong",0.0517542323103157
"Poisson_wrong",0.0226652485879129
"Poisson_wrong",6.24403673768995
"Poisson_wrong",0.315964004372717
"Poisson_wrong",1.26699479403098
"Poisson_wrong",1.4051299803717
"Poisson_wrong",0.326352679496068
"Poisson_wrong",1.47586521784729
"Poisson_wrong",0.298728611455232
"Poisson_wrong",0.0813993598958405
"Poisson_wrong",0.374145913945569
"Poisson_wrong",0.0995199813156376
"Poisson_wrong",0.0880887447868872
"Poisson_wrong",0.242633475162791
"Poisson_wrong",0.352763928562638
"Poisson_wrong",0.913429498447357
"Poisson_wrong",0.035862417380514
"Poisson_wrong",0.267584416265493
"Poisson_wrong",0.142792656872217
"Poisson_wrong",0.406290514712225
"Poisson_wrong",0.0741609066219837
"Poisson_wrong",1.51508690968095
"Poisson_wrong",0.363746187265775
"Poisson_wrong",0.919597058429559
"Poisson_wrong",0.00193844789490072
"Poisson_wrong",2.00267283537502
"Poisson_wrong",0.936917254149336
"Poisson_wrong",2.42157291336665
"Poisson_wrong",1.13531695619619
"Poisson_wrong",5.14842976448435
"Poisson_wrong",0.348573163071109
"Poisson_wrong",0.287590479963342
"Poisson_wrong",0.13654817719771
"Poisson_wrong",0.0118422548034971
"Poisson_wrong",0.138277492403205
"Poisson_wrong",0.446383291533067
"Poisson_wrong",0.156784947339617
"Poisson_wrong",0.0941668033373162
"Poisson_wrong",0.692092897893531
"Poisson_wrong",0.043974902647193
"Poisson_wrong",0.186184981496751
"Poisson_wrong",0.0878300459625905
"Poisson_wrong",0.273630305778738
"Poisson_wrong",0.629062763329301
"Poisson_wrong",8.57744088567981
"Poisson_wrong",0.219251145091363
"Poisson_wrong",0.299305851241627
"Poisson_wrong",0.829651595188125
"Poisson_wrong",0.390805795393618
"Poisson_wrong",1.43419034222637
"Poisson_wrong",0.339123050612869
"Poisson_wrong",0.0541205936436029
"Poisson_wrong",0.400787343239159
"Poisson_wrong",1.95460437651593
"Poisson_wrong",0.793299077995869
"Poisson_wrong",0.0565321159942869
"Poisson_wrong",0.0864895375629828
"Poisson_wrong",0.278901265853364
"Poisson_wrong",2.1009519475233
"Poisson_wrong",0.0319581512074762
"Poisson_wrong",0.407823856574197
"Poisson_wrong",0.237652385746969
"Poisson_wrong",0.565405884946784
"Poisson_wrong",0.158221810000413
"Poisson_wrong",4.2944572900779
"Poisson_wrong",0.0987268975698328
"Poisson_wrong",0.050306849688809
"Poisson_wrong",0.0468270449651129
"Poisson_wrong",0.372197531397632
"Poisson_wrong",0.188347251659906
"Poisson_wrong",0.0392635565044372
"Poisson_wrong",0.828514193956664
"Poisson_wrong",1.65525185363342
"Poisson_wrong",0.530496635601025
"Poisson_wrong",0.488984461537115
"Poisson_wrong",2.58257373518265
"Poisson_wrong",1.63401433756871
"Poisson_wrong",3.32788884466984
"Poisson_wrong",0.485329548825888
"Poisson_wrong",0.176856246904066
"Poisson_wrong",0.257197970467729
"Poisson_wrong",0.0334129375220016
"Poisson_wrong",1.4409181089664
"Poisson_wrong",0.50977847411869
"Poisson_wrong",2.98447430883118
"Poisson_wrong",2.80246744071775
"Poisson_wrong",1.70916671900187
"Poisson_wrong",1.46620369981531
"Poisson_wrong",0.0360351050806855
"Poisson_wrong",0.116034441121457
"Poisson_wrong",1.11002235373908
"Poisson_wrong",0.413493252154694
"Poisson_wrong",0.547900403683343
"Poisson_wrong",2.85660090929554
"Poisson_wrong",1.23137681702204
"Poisson_wrong",0.928658835264741
"Poisson_wrong",0.264965274690894
"Poisson_wrong",0.84975081727552
"Poisson_wrong",0.663036180369147
"Poisson_wrong",0.0718035057420252
"Poisson_wrong",0.123363992555824
"Poisson_wrong",0.714903231148583
"Poisson_wrong",0.223472167121599
"Poisson_wrong",0.125983369922949
"Poisson_wrong",0.0136179438658814
"Poisson_wrong",2.7560437334983
"Poisson_wrong",0.764829532504621
"Poisson_wrong",0.568177487089088
"Poisson_wrong",0.00945363589630688
"Poisson_wrong",0.169685204569362
"Poisson_wrong",0.493002446783862
"Poisson_wrong",0.00191300960966601
"Poisson_wrong",0.0735711569905106
"Poisson_wrong",0.436358835688225
"Poisson_wrong",0.651715902887418
"Poisson_wrong",0.25281147943241
"Poisson_wrong",0.71810289799788
"Poisson_wrong",0.0464542993389614
"Poisson_wrong",0.295106190782803
"Poisson_wrong",1.22459347736606
"Poisson_wrong",0.986755952545479
"Poisson_wrong",4.29330148907502
"Poisson_wrong",0.666104089683586
"Poisson_wrong",1.04396118046105
"Poisson_wrong",0.144440329399117
"Poisson_wrong",0.676983172525127
"Poisson_wrong",0.252236256145636
"Poisson_wrong",1.06566762222553
"Poisson_wrong",3.58073604582603
"Poisson_wrong",0.210521756809896
"Poisson_wrong",1.35774139081366
"Poisson_wrong",0.423307427952125
"Poisson_wrong",2.43292088263553
"Poisson_wrong",1.23994017098954
"Poisson_wrong",1.24296487818555
"Poisson_wrong",0.160889539544485
"Poisson_wrong",0.542482645184862
"Poisson_wrong",0.297159846098623
"Poisson_wrong",0.182651074938292
"Poisson_wrong",0.942886551884556
"Poisson_wrong",1.45988047588844
"Poisson_wrong",0.39656535117922
"Poisson_wrong",0.347652966870783
"Poisson_wrong",0.347382583795763
"Poisson_wrong",1.03542545491183
"Poisson_wrong",0.336792591371704
"Poisson_wrong",2.2366531492325
"Poisson_wrong",0.128676240316622
"Poisson_wrong",1.51382356254891
"Poisson_wrong",1.25059139798225
"Poisson_wrong",5.97604945204012
"Poisson_wrong",1.23980985799921
"Poisson_wrong",1.1993164818374
"Poisson_wrong",4.25331412383514
"Poisson_wrong",0.00240348813213132
"Poisson_wrong",0.0402869605485421
"Poisson_wrong",0.221292732072754
"Poisson_wrong",0.113696516300422
"Poisson_wrong",0.673393958914801
"Poisson_wrong",0.0996369980631471
"Poisson_wrong",0.668678795419623
"Poisson_wrong",0.103140133937131
"Poisson_wrong",1.393638148344
"Poisson_wrong",0.297264597565857
"Poisson_wrong",0.0945231369222483
"Poisson_wrong",4.79149586659554
"Poisson_wrong",2.11613487765533
"Poisson_wrong",0.169970429429043
"Poisson_wrong",0.108372485714142
"Poisson_wrong",2.4396610683288
"Poisson_wrong",1.32948600655294
"Poisson_wrong",0.306835818224613
"Poisson_wrong",0.893595333765518
"Poisson_wrong",0.461783933858953
"Poisson_wrong",0.666257397012487
"Poisson_wrong",1.33205054036426
"Poisson_wrong",0.0824883372711724
"Poisson_wrong",0.849478930288114
"Poisson_wrong",2.3073291886015
"Poisson_wrong",0.844519412621139
"Poisson_wrong",0.0757679949286967
"Poisson_wrong",1.00002619413084
"Poisson_wrong",1.85330623407941
"Poisson_wrong",1.76542874065325
"Poisson_wrong",0.157536513607056
"Poisson_wrong",2.24385671251565
"Poisson_wrong",4.08668900210489
"Poisson_wrong",0.558483352427061
"Poisson_wrong",0.368823665907485
"Poisson_wrong",0.660652126516993
"Poisson_wrong",0.327238124182202
"Poisson_wrong",1.4821563136872
"Poisson_wrong",2.1813172473183
"Poisson_wrong",1.67916053312427
"Poisson_wrong",0.31550038642041
"Poisson_wrong",0.206889180481653
"Poisson_wrong",1.1196905981804
"Poisson_wrong",0.791155076324401
"Poisson_wrong",1.917495791259
"Poisson_wrong",2.20451291283558
"Poisson_wrong",3.32438581301096
"Poisson_wrong",0.580800181475581
"Poisson_wrong",0.0676518157042665
"Poisson_wrong",1.69142181194184
"Poisson_wrong",4.36273308514853
"Poisson_wrong",0.498608599551062
"Poisson_wrong",1.6914027917523
"Poisson_wrong",0.301960915143866
"Poisson_wrong",0.00325273266656723
"Poisson_wrong",0.411887295762426
"Poisson_wrong",0.341906466725732
"Poisson_wrong",2.73250472716086
"Poisson_wrong",0.142149993364342
"Poisson_wrong",2.36350662166797
"Poisson_wrong",1.48821437601623
"Poisson_wrong",1.63727068534212
"Poisson_wrong",0.330076884343384
"Poisson_wrong",2.71322313143128
"Poisson_wrong",1.10307139397185
"Poisson_wrong",0.130462745380214
"Poisson_wrong",1.56585375246794
"Poisson_wrong",3.37203366873717
"Poisson_wrong",1.94987594449481
"Poisson_wrong",0.662281795664853
"Poisson_wrong",0.967041778926841
"Poisson_wrong",2.61489366278676
"Poisson_wrong",1.06951305002303
"Poisson_wrong",0.906093286430348
"Poisson_wrong",0.577769804409172
"Poisson_wrong",1.63179021122261
"Poisson_wrong",0.678465652254204
"Poisson_wrong",1.44638362718757
"Poisson_wrong",0.628721133255226
"Poisson_wrong",0.0974611456126695
"Poisson_wrong",1.13164593730249
"Poisson_wrong",2.04538511078749
"Poisson_wrong",0.127904837803214
"Poisson_wrong",2.1841648194748
"Poisson_wrong",0.24649596644349
"Poisson_wrong",1.19930751627408
"Poisson_wrong",1.11022627758456
"Poisson_wrong",1.19936596075013
"Poisson_wrong",1.60476335837416
"Poisson_wrong",0.601823276587879
"Poisson_wrong",0.32907207184337
"Poisson_wrong",0.26547564839035
"Poisson_wrong",0.967799413590512
"Poisson_wrong",0.54434370232542
"Poisson_wrong",2.34509680540077
"Poisson_wrong",0.855577616349592
"Poisson_wrong",2.04415157439945
"Poisson_wrong",4.82569312832686
"Poisson_wrong",1.65453544909559
"Poisson_wrong",1.93225837977241
"Poisson_wrong",1.02208595257224
"Poisson_wrong",0.940885051531609
"Poisson_wrong",0.445348113391503
"Poisson_wrong",0.401012280325176
"Poisson_wrong",0.015229742163001
"Poisson_wrong",0.565308076336464
"Poisson_wrong",2.82344727179532
"Poisson_wrong",4.57851794188116
"Poisson_wrong",0.0828266318633837
"Poisson_wrong",0.125546338096171
"Poisson_wrong",0.26634226560634
"Poisson_wrong",1.29482215678735
"Poisson_wrong",0.255677488982712
"Poisson_wrong",0.102105015813947
"Poisson_wrong",0.335844858180735
"Poisson_wrong",0.537912863571137
"Poisson_wrong",0.13426767678493
"Poisson_wrong",0.114903653113402
"Poisson_wrong",0.626475450537384
"Poisson_wrong",0.107830833499406
"Poisson_wrong",3.67142467573774
"Poisson_wrong",10.7092128459102
"Poisson_wrong",1.02037195565481
"Poisson_wrong",0.153608428028178
"Poisson_wrong",3.16063020746412
"Poisson_wrong",0.879936187875899
"Poisson_wrong",1.08164593003926
"Poisson_wrong",0.296570245178145
"Poisson_wrong",0.139969277404305
"Poisson_wrong",0.729619452170027
"Poisson_wrong",0.0309092652923937
"Poisson_wrong",0.502599530813256
"Poisson_wrong",0.23675080627288
"Poisson_wrong",3.528034131992
"Poisson_wrong",0.0857698482358273
"Poisson_wrong",1.08379628222349
"Poisson_wrong",0.140855561552598
"Poisson_wrong",0.8634362699147
"Poisson_wrong",0.0527390035810527
"Poisson_wrong",0.208491194330463
"Poisson_wrong",0.649883616730222
"Poisson_wrong",0.401184307075084
"Poisson_wrong",1.55701904125237
"Poisson_wrong",3.77827742012232
"Poisson_wrong",1.02240879354827
"Poisson_wrong",0.695811512970067
"Poisson_wrong",0.207327869088147
"Poisson_wrong",2.5992639867705
"Poisson_wrong",2.83889529530853
"Poisson_wrong",1.4912733939172
"Poisson_wrong",0.460405482230158
"Poisson_wrong",0.7953270096869
"Poisson_wrong",1.52235316655072
"Poisson_wrong",0.3389452771371
"Poisson_wrong",0.601447744759412
"Poisson_wrong",0.80923548622161
"Poisson_wrong",0.272641724975529
"Poisson_wrong",0.316483772816753
"Poisson_wrong",1.45688910220571
"Poisson_wrong",1.96195415991843
"Poisson_wrong",0.0263594979701338
"Poisson_wrong",0.86280276085995
"Poisson_wrong",0.529557546526632
"Poisson_wrong",2.33712067701941
"Poisson_wrong",2.43253381907607
"Poisson_wrong",0.116318956691202
"Poisson_wrong",0.727853871928801
"Poisson_wrong",1.04114747376809
"Poisson_wrong",2.22805404693065
"Poisson_wrong",2.0391760940812
"Poisson_wrong",1.09862732078426
"Poisson_wrong",0.0671302666573297
"Poisson_wrong",0.817828844786561
"Poisson_wrong",0.243035634402133
"Poisson_wrong",0.772123386913165
"Poisson_wrong",0.077741700235606
"Poisson_wrong",0.0301645067385721
"Poisson_wrong",0.0762414623489462
"Poisson_wrong",0.142854648738648
"Poisson_wrong",0.0255584991986666
"Poisson_wrong",0.49909157113359
"Poisson_wrong",0.455708607000815
"Poisson_wrong",0.0601081605742593
"Poisson_wrong",0.236688803080483
"Poisson_wrong",0.818928831380731
"Poisson_wrong",0.698590756379645
"Poisson_wrong",0.222866383634482
"Poisson_wrong",0.204025293728364
"Poisson_wrong",0.716476124753854
"Poisson_wrong",0.240250248100438
"Poisson_wrong",0.367699834534733
"Poisson_wrong",2.15164107544024
"Poisson_wrong",5.57738305632813
"Poisson_wrong",0.696583267481287
"Poisson_wrong",3.63499530373235
"Poisson_wrong",0.133159328019019
"Poisson_wrong",0.671134944358641
"Poisson_wrong",0.388349477711358
"Poisson_wrong",0.363199076284332
"Poisson_wrong",0.34620579530656
"Poisson_wrong",1.37659424491176
"Poisson_wrong",0.0204686909690963
"Poisson_wrong",3.55684356301231
"Poisson_wrong",2.85588196704657
"Poisson_wrong",0.766965322562896
"Poisson_wrong",0.222503731962433
"Poisson_wrong",0.023364168702301
"Poisson_wrong",1.51479844334801
"Poisson_wrong",1.31120088810462
"Poisson_wrong",0.342225031380963
"Poisson_wrong",0.362223685537401
"Poisson_wrong",0.112976606706184
"Poisson_wrong",0.64982864231115
"Poisson_wrong",0.0807903692938226
"Poisson_wrong",0.135192530167728
"Poisson_wrong",0.0131898535975097
"Poisson_wrong",0.0988053656593593
"Poisson_wrong",0.0583619594833635
"Poisson_wrong",0.331754808944879
"Poisson_wrong",0.254523364755187
"Poisson_wrong",0.498959830011131
"Poisson_wrong",0.0397435310259198
"Poisson_wrong",3.03701422758195
"Poisson_wrong",0.3612795150907
"Poisson_wrong",2.80323762083287
"Poisson_wrong",0.854428406595162
"Poisson_wrong",3.84320061704659
"Poisson_wrong",2.83913185947745
"Poisson_wrong",0.0973920875802605
"Poisson_wrong",0.07299900049793
"Poisson_wrong",0.794864434297324
"Poisson_wrong",0.36555360239015
"Poisson_wrong",1.35716636410518
"Poisson_wrong",0.44261576803342
"Poisson_wrong",0.203342950217234
"Poisson_wrong",3.00635004254366
"Poisson_wrong",0.0480317500501997
"Poisson_wrong",1.52245527067328
"Poisson_wrong",0.622990440213357
"Poisson_wrong",2.18392772245295
"Poisson_wrong",1.9348080850599
"Poisson_wrong",0.337104118554294
"Poisson_wrong",0.181799809515269
"Poisson_wrong",0.0628681914773779
"Poisson_wrong",0.321541262860137
"Poisson_wrong",5.34607849786835
"Poisson_wrong",1.67550808218039
"Poisson_wrong",0.586817467402852
"Poisson_wrong",0.935906282972041
"Poisson_wrong",0.952447765497936
"Poisson_wrong",0.9179806259217
"Poisson_wrong",0.34102046577118
"Poisson_wrong",2.80108167169465
"Poisson_wrong",2.47374786266073
"Poisson_wrong",0.273855288594518
"Poisson_wrong",0.56301821353668
"Poisson_wrong",1.62116629143588
"Poisson_wrong",0.620681709789437
"Poisson_wrong",3.18850641414167
"Poisson_wrong",0.075994099984996
"Poisson_wrong",0.707906334361837
"Poisson_wrong",0.23980864809289
"Poisson_wrong",2.33841768985076
"Poisson_wrong",0.794021139447182
"Poisson_wrong",0.983549897993271
"Poisson_wrong",0.629024966693919
"Poisson_wrong",0.765130115833131
"Poisson_wrong",1.85960803985142
"Poisson_wrong",0.1926608662136
"Poisson_wrong",0.567893647751703
"Poisson_wrong",0.0556742765594436
"Poisson_wrong",0.743699347061579
"Poisson_wrong",0.64434508598174
"Poisson_wrong",0.163583100897199
"Poisson_wrong",1.88694276807144
"Poisson_wrong",3.56657970142271
"Poisson_wrong",1.41122016727843
"Poisson_wrong",0.2905414273406
"Poisson_wrong",0.506174048094863
"Poisson_wrong",0.113217652585035
"Poisson_wrong",0.20071032940757
"Poisson_wrong",0.183559973265346
"Poisson_wrong",0.103903643387071
"Poisson_wrong",0.884960040461237
"Poisson_wrong",1.07389844378076
"Poisson_wrong",1.69834468672468
"Poisson_wrong",4.5868503188351
"Poisson_wrong",1.26408168490013
"Poisson_wrong",1.40092262206883
"Poisson_wrong",0.236558527323837
"Poisson_wrong",0.423573721736034
"Poisson_wrong",0.156265950632132
"Poisson_wrong",0.130209746616856
"Poisson_wrong",0.470471881733374
"Poisson_wrong",0.34090545656511
"Poisson_wrong",2.45916725675534
"Poisson_wrong",0.114761095849531
"Poisson_wrong",0.58342176413521
"Poisson_wrong",0.0517239757526795
"Poisson_wrong",0.296998137085211
"Poisson_wrong",0.0544198436354009
"Poisson_wrong",1.16576386530255
"Poisson_wrong",0.615893377234443
"Poisson_wrong",0.0822253575636296
"Poisson_wrong",0.133789974522301
"Poisson_wrong",0.372390972025528
"Poisson_wrong",3.47530686441803
"Poisson_wrong",1.9436750189509
"Poisson_wrong",3.59671265470763
"Poisson_wrong",1.64166493310654
"Poisson_wrong",0.793668588833839
"Poisson_wrong",2.45492727295334
"Poisson_wrong",0.191866979884708
"Poisson_wrong",2.40842416458031
"Poisson_wrong",0.425827591566986
"Poisson_wrong",0.940271013963297
"Poisson_wrong",0.567659821791153
"Poisson_wrong",0.435463914777756
"Poisson_wrong",0.00693446304330791
"Poisson_wrong",0.48359806805172
"Poisson_wrong",0.214842926400252
"Poisson_wrong",0.373433210112125
"Poisson_wrong",2.68459990057545
"Poisson_wrong",0.279464381388493
"Poisson_wrong",1.19486981002444
"Poisson_wrong",0.680703410911519
"Poisson_wrong",0.333813972045164
"Poisson_wrong",0.0126053627254805
"Poisson_wrong",0.138492347332203
"Poisson_wrong",0.964410276361377
"Poisson_wrong",0.428839457179606
"Poisson_wrong",0.642616967793742
"Poisson_wrong",0.907526544740222
"Poisson_wrong",0.48514547726063
"Poisson_wrong",0.135632902974407
"Poisson_wrong",0.161720980542214
"Poisson_wrong",0.0100137181159425
"Poisson_wrong",0.339630473112834
"Poisson_wrong",0.527411435647878
"Poisson_wrong",1.66772308348334
"Poisson_wrong",0.76495400723411
"Poisson_wrong",0.543143512684992
"Poisson_wrong",1.10679294057434
"Poisson_wrong",0.434891273421158
"Poisson_wrong",0.222704583616064
"Poisson_wrong",0.103879635155522
"Poisson_wrong",1.11719863813937
"Poisson_wrong",0.0152590839537652
"Poisson_wrong",0.38827798902139
"Poisson_wrong",0.0489073572250618
"Poisson_wrong",1.39345492137318
"Poisson_wrong",6.19812762135416
"Poisson_wrong",6.40714363448978
"Poisson_wrong",0.0787966535907572
"Poisson_wrong",0.133900566790771
"Poisson_wrong",1.47188599085359
"Poisson_wrong",0.518996621924657
"Poisson_wrong",0.139549949210959
"Poisson_wrong",0.159295325710332
"Poisson_wrong",0.550361779207151
"Poisson_wrong",2.28747723280537
"Poisson_wrong",2.21975160970567
"Poisson_wrong",2.89596141325376
"Poisson_wrong",0.164203249531056
"Poisson_wrong",6.16981487104965
"Poisson_wrong",0.39774158297098
"Poisson_wrong",0.86704526595372
"Poisson_wrong",0.468578469621661
"Poisson_wrong",2.11110307076342
"Poisson_wrong",1.28119167962711
"Poisson_wrong",1.24176788109844
"Poisson_wrong",0.0366582482250806
"Poisson_wrong",0.0963254446581914
"Poisson_wrong",1.97198262549841
"Poisson_wrong",3.32206252163519
"Poisson_wrong",1.49999190389769
"Poisson_wrong",2.7674353804133
"Poisson_wrong",0.562325507878199
"Poisson_wrong",1.43275971020773
"Poisson_wrong",0.736299284753954
"Poisson_wrong",0.329732522793392
"Poisson_wrong",0.303031903763326
"Poisson_wrong",0.265484236953398
"Poisson_wrong",2.18043333428261
"Poisson_wrong",0.915963682774304
"Poisson_wrong",1.1734799455046
"Poisson_wrong",1.14003686934893
"Poisson_wrong",0.10653698759802
"Poisson_wrong",0.419351694195939
"Poisson_wrong",0.976600830418761
"Poisson_wrong",0.122829139991268
"Poisson_wrong",0.375679791741959
"Poisson_wrong",1.78798052431432
"Poisson_wrong",0.919477180072136
"Poisson_wrong",3.66246645121782
"Poisson_wrong",0.168605004193523
"Poisson_wrong",0.506293464384726
"Poisson_wrong",0.714348647872612
"Poisson_wrong",0.0209017998456602
"Poisson_wrong",0.144524625287659
"Poisson_wrong",0.921124649931016
"Poisson_wrong",0.507308096100246
"Poisson_wrong",1.46794077569871
"Poisson_wrong",0.0577061292412964
"Poisson_wrong",0.0229118672223194
"Poisson_wrong",0.223932452886856
"Poisson_wrong",0.807355903509233
"Poisson_wrong",0.102277461280437
"Poisson_wrong",1.33723800053849
"Poisson_wrong",1.63551074688462
"Poisson_wrong",0.20581065505371
"Poisson_wrong",0.0348942391765377
"Poisson_wrong",0.0265857974590062
"Poisson_wrong",0.895788269887476
"Poisson_wrong",0.278053862419256
"Poisson_wrong",0.012004894949655
"Poisson_wrong",0.979806205119417
"Poisson_wrong",0.50383003803563
"Poisson_wrong",1.71608201949425
"Poisson_wrong",0.754166215454916
"Poisson_wrong",1.17407837207281
"Poisson_wrong",2.74988250296622
"Poisson_wrong",3.05183795391474
"Poisson_wrong",0.537326582474179
"Poisson_wrong",0.602870111448055
"Poisson_wrong",0.804882281984646
"Poisson_wrong",0.172283843924561
"Poisson_wrong",0.678434556424918
"Poisson_wrong",1.57040660368591
"Poisson_wrong",0.0880667227138474
"Poisson_wrong",0.622461312419091
"Poisson_wrong",0.496807112675356
"Poisson_wrong",0.161472715674563
"Poisson_wrong",2.22542719310502
"Poisson_wrong",0.702460507319756
"Poisson_wrong",0.83644135002487
"Poisson_wrong",1.12339429668452
"Poisson_wrong",5.45122239306033
"Poisson_wrong",0.347790463210231
"Poisson_wrong",1.18754212706631
"Poisson_wrong",0.0101989240112061
"Poisson_wrong",0.545620637841239
"Poisson_wrong",0.0956544485117092
"Poisson_wrong",0.743229090723958
"Poisson_wrong",3.26857254213155
"Poisson_wrong",0.56855464694911
"Poisson_wrong",0.129009538496121
"Poisson_wrong",4.25206236598365
"Poisson_wrong",0.664391526591885
"Poisson_wrong",0.410652496790249
"Poisson_wrong",0.278230295112621
"Poisson_wrong",0.40380608943417
"Poisson_wrong",1.98507726263506
"Poisson_wrong",0.459697390109795
"Poisson_wrong",1.57885615830605
"Poisson_wrong",2.94294669994179
"Poisson_wrong",0.565226052176286
"Poisson_wrong",0.595766650515884
"Poisson_wrong",0.055854148772255
"Poisson_wrong",0.591774044702788
"Poisson_wrong",2.30955010010234
"Poisson_wrong",0.201663671748634
"Poisson_wrong",0.980754873860974
"Poisson_wrong",1.22327568634455
"Poisson_wrong",1.12793435537833
"Poisson_wrong",0.793493409148937
"Poisson_wrong",0.0781521633214197
"Poisson_wrong",1.86040735865538
"Poisson_wrong",3.58411149277458
"Poisson_wrong",2.40904189834487
"Poisson_wrong",0.178255060459719
"Poisson_wrong",0.00175387857427722
"Poisson_wrong",0.464089114919602
"Poisson_wrong",0.31941780227055
"Poisson_wrong",1.07911887104558
"Poisson_wrong",1.11336327285471
"Poisson_wrong",0.563671941946723
"Poisson_wrong",0.00530997903342723
"Poisson_wrong",0.0595063439221803
"Poisson_wrong",0.201417226678473
"Poisson_wrong",0.235006044127886
"Poisson_wrong",0.532469143467779
"Poisson_wrong",0.523783293275528
"Poisson_wrong",0.294328257523375
"Poisson_wrong",0.193877534755302
"Poisson_wrong",0.107716474407425
"Poisson_wrong",1.70364931883728
"Poisson_wrong",0.761899415542644
"Poisson_wrong",0.0611540875045193
"Poisson_wrong",1.75026295653436
"Poisson_wrong",2.14680662091428
"Poisson_wrong",0.254939495666122
"Poisson_wrong",0.133104897270414
"Poisson_wrong",0.55444032640753
"Poisson_wrong",0.281541123079364
"Poisson_wrong",0.0204461424309557
"Poisson_wrong",0.138496799750442
"Poisson_wrong",3.48208761930857
"Poisson_wrong",1.38314071403397
"Poisson_wrong",0.00423657471446859
"Poisson_wrong",0.233466979934065
"Poisson_wrong",0.306270223722549
"Poisson_wrong",1.36732623366038
"Poisson_wrong",1.37069779134106
"Poisson_wrong",0.957462241785606
"Poisson_wrong",0.0669416882734595
"Poisson_wrong",0.929024121977136
"Poisson_wrong",6.5525245254853
"Poisson_wrong",0.638735833317128
"Poisson_wrong",2.57044201130884
"Poisson_wrong",1.59899300360041
"Poisson_wrong",1.56098584911956
"Poisson_wrong",3.52143843837371
"Poisson_wrong",0.467020508092219
"Poisson_wrong",0.402537410275727
"Poisson_wrong",1.29050452876209
"Poisson_wrong",0.389014700453231
"Poisson_wrong",0.555756422424565
"Poisson_wrong",1.17047154846659
"Poisson_wrong",3.65699981467435
"Poisson_wrong",0.0738731677640772
"Poisson_wrong",0.181740269107195
"Poisson_wrong",0.499119199202369
"Poisson_wrong",0.0580279435778266
"Poisson_wrong",1.14466882170893
"Poisson_wrong",1.60399225359367
"Poisson_wrong",4.55301341159588
"Poisson_wrong",0.196490139746402
"Poisson_wrong",1.70319020329089
"Poisson_wrong",1.11697283399053
"Poisson_wrong",1.54128618732329
"Poisson_wrong",0.58317434124649
"Poisson_wrong",0.350673792541556
"Poisson_wrong",0.0890528847376117
"Poisson_wrong",1.59279513348997
"Poisson_wrong",0.473520089340013
"Poisson_wrong",0.0958415659788443
"Poisson_wrong",1.38773569241175
"Poisson_wrong",1.25210190717542
"Poisson_wrong",1.4610411904556
"Poisson_wrong",0.667566708151639
"Poisson_wrong",0.1695116356791
"Poisson_wrong",0.399045151480664
"Poisson_wrong",0.323580669013381
"Poisson_wrong",0.379722991930862
"Poisson_wrong",0.235559103671221
"Poisson_wrong",0.0869259976577723
"Poisson_wrong",2.31911016793833
"Poisson_wrong",0.366185179316517
"Poisson_wrong",1.10732751235787
"Poisson_wrong",2.920015160464
"Poisson_wrong",0.280860390327575
"Poisson_wrong",0.905982139428829
"Poisson_wrong",0.0896789430697709
"Poisson_wrong",0.823868399743219
"Poisson_wrong",1.53861252737818
"Poisson_wrong",0.473778288904668
"Poisson_wrong",0.102481755107988
"Poisson_wrong",2.45531022025648
"Poisson_wrong",2.39110250770113
"Poisson_wrong",0.108350991893872
"Poisson_wrong",0.025743912221742
"Poisson_wrong",0.373165782826845
"Poisson_wrong",0.245328608497289
"Poisson_wrong",0.488585178126755
"Poisson_wrong",2.69950594811223
"Poisson_wrong",0.131409618590283
"Poisson_wrong",0.316394096015074
"Poisson_wrong",0.496558947291874
"Poisson_wrong",0.025718176019609
"Poisson_wrong",0.802359711567078
"Poisson_wrong",0.0275954808959114
"Poisson_wrong",0.486131618977083
"Poisson_wrong",0.105287267649146
"Poisson_wrong",0.0794372782888786
"Poisson_wrong",0.11267094002767
"Poisson_wrong",0.0653255807793585
"Poisson_wrong",0.0733890807708804
"Poisson_wrong",0.011652165568421
"Poisson_wrong",0.582010772205081
"Poisson_wrong",2.35028832177272
"Poisson_wrong",3.35612570690569
"Poisson_wrong",1.11504274757795
"Poisson_wrong",0.14279595784285
"Poisson_wrong",0.626565041412732
"Poisson_wrong",3.41439642844773
"Poisson_wrong",0.0802611210463056
"Poisson_wrong",1.78600721123951
"Poisson_wrong",0.0352312345941073
"Poisson_wrong",3.38047348198495
"Poisson_wrong",0.242662153182664
"Poisson_wrong",0.292590598734364
"Poisson_wrong",1.83031121529473
"Poisson_wrong",3.0319824795032
"Poisson_wrong",1.63671029032128
"Poisson_wrong",0.127015104758584
"Poisson_wrong",0.266612335384821
"Poisson_wrong",0.00163622299032795
"Poisson_wrong",0.291195849142127
"Poisson_wrong",0.204539576575598
"Poisson_wrong",0.121951685908471
"Poisson_wrong",0.67170325640177
"Poisson_wrong",0.259269663520513
"Poisson_wrong",0.368908066533209
"Poisson_wrong",0.053603816934924
"Poisson_wrong",0.170169950773925
"Poisson_wrong",3.05433202763652
"Poisson_wrong",0.170850911928028
"Poisson_wrong",0.677102419301264
"Poisson_wrong",0.16574010133229
"Poisson_wrong",0.707940446695147
"Poisson_wrong",0.00371127428832096
"Poisson_wrong",1.26934249323074
"Poisson_wrong",0.163291029380503
"Poisson_wrong",0.131678669623739
"Poisson_wrong",0.211546723816582
"Poisson_wrong",0.037129147637188
"Poisson_wrong",1.14528667507136
"Poisson_wrong",0.081339373918695
"Poisson_wrong",0.184911124152563
"Poisson_wrong",0.173852109305017
"Poisson_wrong",0.936779512727071
"Poisson_wrong",1.51393220871182
"Poisson_wrong",3.97968901969477
"Poisson_wrong",0.851136494774778
"Poisson_wrong",0.0892341305706168
"Poisson_wrong",0.596358637363323
"Poisson_wrong",0.757971227791245
"Poisson_wrong",0.00243778103606473
"Poisson_wrong",0.0526876902061986
"Poisson_wrong",1.86380765407444
"Poisson_wrong",2.44002474652814
"Poisson_wrong",0.168502677437914
"Poisson_wrong",0.320204163851827
"Poisson_wrong",0.561371471255143
"Poisson_wrong",0.0248389751109244
"Poisson_wrong",0.467594962127578
"Poisson_wrong",0.347436881375302
"Poisson_wrong",0.890294162383498
"Poisson_wrong",0.13311296297843
"Poisson_wrong",0.0526094245719833
"Poisson_wrong",0.182233750299702
"Poisson_wrong",0.589707869894482
"Poisson_wrong",1.23883790340665
"Poisson_wrong",0.697554703297442
"Poisson_wrong",0.246778152859179
"Poisson_wrong",2.70614853247514
"Poisson_wrong",2.92610399516855
"Poisson_wrong",0.707797038914578
"Poisson_wrong",0.802573236807916
"Poisson_wrong",1.42678206150845
"Poisson_wrong",0.670645468347175
"Poisson_wrong",0.286734421871984
"Poisson_wrong",0.0925907610210288
"Poisson_wrong",1.3545825331164
"Poisson_wrong",0.853268502544665
"Poisson_wrong",0.0663994359255184
"Poisson_wrong",1.37608935912397
"Poisson_wrong",0.346950410875138
"Poisson_wrong",2.09390554977153
"Poisson_wrong",0.487889353944411
"Poisson_wrong",1.63507920675386
"Poisson_wrong",0.431271361205859
"Poisson_wrong",2.31426153928555
"Poisson_wrong",2.1319987258222
"Poisson_wrong",1.24682521371074
"Poisson_wrong",0.531204867941369
"Poisson_wrong",0.118146737566917
"Poisson_wrong",0.374816126907376
"Poisson_wrong",4.77531626639836
"Poisson_wrong",5.1317532023262
"Poisson_wrong",0.00418526376211048
"Poisson_wrong",5.43457786085185
"Poisson_wrong",0.0692267161765585
"Poisson_wrong",0.70336099273959
"Poisson_wrong",2.59785993776939
"Poisson_wrong",1.55711066293668
"Poisson_wrong",0.703560650998497
"Poisson_wrong",0.484952389219302
"Poisson_wrong",0.787453682168007
"Poisson_wrong",1.9652664530164
"Poisson_wrong",3.26420791765361
"Poisson_wrong",1.2814001576296
"Poisson_wrong",0.0587510504361717
"Poisson_wrong",0.156537211600039
"Poisson_wrong",5.02988355092623
"Poisson_wrong",0.262573080352695
"Poisson_wrong",2.79115875512366
"Poisson_wrong",0.667010160038899
"Poisson_wrong",1.84043704474675
"Poisson_wrong",1.88133115335506
"Poisson_wrong",2.91053406503659
"Poisson_wrong",2.37974631922259
"Poisson_wrong",2.16006638067824
"Poisson_wrong",1.09249881215055
"Poisson_wrong",2.5115725120786
"Poisson_wrong",0.570912897016115
"Poisson_wrong",0.87652529962088
"Poisson_wrong",2.37881612911474
"Poisson_wrong",2.43219574121144
"Poisson_wrong",0.28899417281923
"Poisson_wrong",0.450012080929582
"Poisson_wrong",2.48013762468713
"Poisson_wrong",1.65528767447108
"Poisson_wrong",1.35131217698995
"Poisson_wrong",1.21005035982716
"Poisson_wrong",0.974148446528034
"Poisson_wrong",2.19418323541299
"Poisson_wrong",2.4489448960851
"Poisson_wrong",2.33570837477055
"Poisson_wrong",0.328699546663756
"Poisson_wrong",0.646190441267208
"Poisson_wrong",0.524974433348916
"Poisson_wrong",4.32406790055256
"Poisson_wrong",0.123333081551891
"Poisson_wrong",0.237289314452255
"Poisson_wrong",1.47856129844968
"Poisson_wrong",0.629227522489373
"Poisson_wrong",0.846839781553854
"Poisson_wrong",3.63142124504543
"Poisson_wrong",1.77130570067038
"Poisson_wrong",1.08469491131677
"Poisson_wrong",0.469377926608786
"Poisson_wrong",0.887492456980681
"Poisson_wrong",1.51335377297733
"Poisson_wrong",0.0306122857057289
"Poisson_wrong",0.211418981057477
"Poisson_wrong",0.752120466918768
"Poisson_wrong",2.52164459658002
"Poisson_wrong",0.393105215583319
"Poisson_wrong",1.92584115946852
"Poisson_wrong",4.96423709168835
"Poisson_wrong",0.837082350282571
"Poisson_wrong",0.0660195572725115
"Poisson_wrong",1.37071531695028
"Poisson_wrong",0.142239034124941
"Poisson_wrong",0.297693250920702
"Poisson_wrong",0.108001324700354
"Poisson_wrong",0.402724745614933
"Poisson_wrong",1.19886688152224
"Poisson_wrong",0.211704220373576
"Poisson_wrong",0.172060368040547
"Poisson_wrong",0.505347313116545
"Poisson_wrong",0.0182699934957782
"Poisson_wrong",1.22444158847884
"Poisson_wrong",0.280033504735684
"Poisson_wrong",0.130693889001577
"Poisson_wrong",0.128565598992282
"Poisson_wrong",0.0214492233544661
"Poisson_wrong",0.362358347662621
"Poisson_wrong",0.701324895385369
"Poisson_wrong",0.0543168130843696
"Poisson_wrong",2.03428665903493
"Poisson_wrong",0.988788279156552
"Poisson_wrong",0.923801322876443
"Poisson_wrong",0.33237099580333
"Poisson_wrong",0.192386885327551
"Poisson_wrong",0.818428618054213
"Poisson_wrong",4.73291060006068
"Poisson_wrong",0.330178347056517
"Poisson_wrong",3.1044028281608
"Poisson_wrong",0.551219268182876
"Poisson_wrong",0.735053453914816
"Poisson_wrong",0.18561932758621
"Poisson_wrong",0.766703967916328
"Poisson_wrong",0.143476563636568
"Poisson_wrong",0.115976202297816
"Poisson_wrong",0.91595391901501
"Poisson_wrong",0.62580970869908
"Poisson_wrong",0.445519922261838
"Poisson_wrong",0.606750904240243
"Poisson_wrong",0.838466519250233
"Poisson_wrong",0.0452561812505792
"Poisson_wrong",5.32585545975485
"Poisson_wrong",3.80824738969181
"Poisson_wrong",2.46515730288706
"Poisson_wrong",0.525614541581263
"Poisson_wrong",1.06972343703978
"Poisson_wrong",2.79845920866796
"Poisson_wrong",1.19748293460611
"Poisson_wrong",0.324885941473894
"Poisson_wrong",1.55586831280334
"Poisson_wrong",4.40558485083943
"Poisson_wrong",2.10740595118364
"Poisson_wrong",0.749564964889714
"Poisson_wrong",0.716643047361458
"Poisson_wrong",1.92657939987703
"Poisson_wrong",0.584722122050152
"Poisson_wrong",0.256270625260868
"Poisson_wrong",0.160720058537436
"Poisson_wrong",0.551240114511529
"Poisson_wrong",0.0857745504226841
"Poisson_wrong",0.468242843537382
"Poisson_wrong",0.0681390531783563
"Poisson_wrong",0.0262370506736715
"Poisson_wrong",0.257370523845339
"Poisson_wrong",0.0127875110492823
"Poisson_wrong",0.556384348890106
"Poisson_wrong",0.102062222340919
"Poisson_wrong",0.0149781935581359
"Poisson_wrong",0.0127429197264064
"Poisson_wrong",0.00300093398368517
"Poisson_wrong",0.523366578679543
"Poisson_wrong",0.346746315387463
"Poisson_wrong",0.391270864054604
"Poisson_wrong",0.642243851906414
"Poisson_wrong",0.416467425141036
"Poisson_wrong",0.834154542824308
"Poisson_wrong",2.20177850615687
"Poisson_wrong",0.101354525955685
"Poisson_wrong",2.0296975508013
"Poisson_wrong",0.562426357844743
"Poisson_wrong",0.984502826367589
"Poisson_wrong",0.0805656136624293
"Poisson_wrong",3.95302721408939
"Poisson_wrong",0.305533270021215
"Poisson_wrong",0.108993984690642
"Poisson_wrong",0.322737417840699
"Poisson_wrong",0.194129069752307
"Poisson_wrong",1.26332108883662
"Poisson_wrong",1.97021856883248
"Poisson_wrong",0.287101043224993
"Poisson_wrong",1.23095767377458
"Poisson_wrong",1.23438943615452
"Poisson_wrong",0.637366959228757
"Poisson_wrong",0.113846566349594
"Poisson_wrong",2.37626061638935
"Poisson_wrong",0.731592533261164
"Poisson_wrong",0.389621061182424
"Poisson_wrong",0.334813518803912
"Poisson_wrong",2.43903309068628
"Poisson_wrong",0.193021646962961
"Poisson_wrong",0.130286113822649
"Poisson_wrong",0.111331871690709
"Poisson_wrong",0.171815746805123
"Poisson_wrong",0.500921136612533
"Poisson_wrong",0.334974265354731
"Poisson_wrong",0.0119765215749794
"Poisson_wrong",0.350470606291765
"Poisson_wrong",0.3559784917245
